0.76,0.76,0.76,0.76,0.05,0.0001,1.5
0.76,0.76,1.52,0,0.05,0.0001,1.5
0.759,0.759,2.279,-0.001,0.05,0.0001,1.5
0.7588,0.7588,3.0378,-0.0002,0.05,0.0001,1.5
0.7586,0.7586,3.7964,-0.0002,0.05,0.0001,1.5
0.7583,0.7583,4.5547,-0.0003,0.05,0.0001,1.5
0.7581,0.7581,5.3128,-0.0002,0.05,0.0001,1.5
0.7576,0.7576,6.0704,-0.0005,0.05,0.0001,1.5
0.7571,0.7571,6.8275,-0.0005,0.05,0.0001,1.5
0.7567,0.7567,7.5842,-0.0004,0.05,0.0001,1.5
0.7559,0.7559,8.3401,-0.0008,0.05,0.0001,1.5
0.7551,0.7551,9.0952,-0.0008,0.05,0.0001,1.5
0.7545,0.7545,9.8497,-0.0006,0.05,0.0001,1.5
0.7535,0.7535,10.6032,-0.001,0.05,0.0001,1.5
0.7523,0.7523,11.3555,-0.0012,0.05,0.0001,1.5
0.7515,0.7515,12.107,-0.0008,0.05,0.0001,1.5
0.7501,0.7501,12.8571,-0.0014,0.05,0.0001,1.5
0.7486,0.7486,13.6057,-0.0015,0.05,0.0001,1.5
0.7475,0.7475,14.3532,-0.0011,0.05,0.0001,1.5
0.7457,0.7457,15.0989,-0.0018,0.05,0.0001,1.5
0.7438,0.7438,15.8427,-0.0019,0.05,0.0001,1.5
0.7425,0.7425,16.5852,-0.0013,0.05,0.0001,1.5
0.7404,0.7404,17.3256,-0.0021,0.05,0.0001,1.5
0.7381,0.7381,18.0637,-0.0023,0.05,0.0001,1.5
0.7357,0.7357,18.7994,-0.0024,0.05,0.0001,1.5
0.734,0.734,19.5334,-0.0017,0.05,0.0001,1.5
0.7314,0.7314,20.2648,-0.0026,0.05,0.0001,1.5
0.7286,0.7286,20.9934,-0.0028,0.05,0.0001,1.5
0.7257,0.7257,21.7191,-0.0029,0.05,0.0001,1.5
0.7236,0.7236,22.4427,-0.0021,0.05,0.0001,1.5
0.7204,0.7204,23.1631,-0.0032,0.05,0.0001,1.5
0.7171,0.7171,23.8802,-0.0033,0.05,0.0001,1.5
0.7135,0.7135,24.5937,-0.0036,0.05,0.0001,1.5
0.7111,0.7111,25.3048,-0.0024,0.05,0.0001,1.5
0.7073,0.7073,26.0121,-0.0038,0.05,0.0001,1.5
0.7033,0.7033,26.7154,-0.004,0.05,0.0001,1.5
0.6992,0.6992,27.4146,-0.0041,0.05,0.0001,1.5
0.6963,0.6963,28.1109,-0.0029,0.05,0.0001,1.5
0.6919,0.6919,28.8028,-0.0044,0.05,0.0001,1.5
0.6872,0.6872,29.49,-0.0047,0.05,0.0001,1.5
0.6841,0.6841,30.1741,-0.0031,0.05,0.0001,1.5
0.6797,0.6797,30.8538,-0.0044,0.05,0.0001,1.5
0.6778,0.6778,31.5316,-0.0019,0.05,0.0001,1.5
0.6787,0.6787,32.2103,0.0009,0.05,0.0001,1.5
0.6854,0.6854,32.8957,0.0067,0.05,0.0001,1.5
0.6802,0.6802,33.5759,-0.0052,0.05,0.0001,1.5
0.6797,0.6797,34.2556,-0.0005,0.05,0.0001,1.5
0.6817,0.6817,34.9373,0.002,0.05,0.0001,1.5
0.6841,0.6841,35.6214,0.0024,0.05,0.0001,1.5
0.6885,0.6885,36.3099,0.0044,0.05,0.0001,1.5
0.6937,0.6937,37.0036,0.0052,0.05,0.0001,1.5
0.6991,0.6991,37.7027,0.0054,0.05,0.0001,1.5
0.7025,0.7025,38.4052,0.0034,0.05,0.0001,1.5
0.7075,0.7075,39.1127,0.005,0.05,0.0001,1.5
0.7124,0.7124,39.8251,0.0049,0.05,0.0001,1.5
0.7156,0.7156,40.5407,0.0032,0.05,0.0001,1.5
0.7201,0.7201,41.2608,0.0045,0.05,0.0001,1.5
0.7245,0.7245,41.9853,0.0044,0.05,0.0001,1.5
0.7287,0.7287,42.714,0.0042,0.05,0.0001,1.5
0.7314,0.7314,43.4454,0.0027,0.05,0.0001,1.5
0.7351,0.7351,44.1805,0.0037,0.05,0.0001,1.5
0.7387,0.7387,44.9192,0.0036,0.05,0.0001,1.5
0.742,0.742,45.6612,0.0033,0.05,0.0001,1.5
0.744,0.744,46.4052,0.002,0.05,0.0001,1.5
0.7468,0.7468,47.152,0.0028,0.05,0.0001,1.5
0.7494,0.7494,47.9014,0.0026,0.05,0.0001,1.5
0.7523,0.7523,48.6537,0.0029,0.05,0.0001,1.5
0.7535,0.7535,49.4072,0.0012,0.05,0.0001,1.5
0.755,0.755,50.1622,0.0015,0.05,0.0001,1.5
0.7559,0.7559,50.9181,0.0009,0.05,0.0001,1.5
0.7569,0.7569,51.675,0.001,0.05,0.0001,1.5
0.7576,0.7576,52.4326,0.0007,0.05,0.0001,1.5
0.7578,0.7578,53.1904,0.0002,0.05,0.0001,1.5
0.7579,0.7579,53.9483,0.0001,0.05,0.0001,1.5
0.7577,0.7577,54.706,-0.0002,0.05,0.0001,1.5
0.7574,0.7574,55.4634,-0.0003,0.05,0.0001,1.5
0.7565,0.7565,56.2199,-0.0009,0.05,0.0001,1.5
0.7552,0.7552,56.9751,-0.0013,0.05,0.0001,1.5
0.7536,0.7536,57.7287,-0.0016,0.05,0.0001,1.5
0.7515,0.7515,58.4802,-0.0021,0.05,0.0001,1.5
0.75,0.75,59.2302,-0.0015,0.05,0.0001,1.5
0.7473,0.7473,59.9775,-0.0027,0.05,0.0001,1.5
0.7442,0.7442,60.7217,-0.0031,0.05,0.0001,1.5
0.7419,0.7419,61.4636,-0.0023,0.05,0.0001,1.5
0.7381,0.7381,62.2017,-0.0038,0.05,0.0001,1.5
0.7339,0.7339,62.9356,-0.0042,0.05,0.0001,1.5
0.7293,0.7293,63.6649,-0.0046,0.05,0.0001,1.5
0.7243,0.7243,64.3892,-0.005,0.05,0.0001,1.5
0.7207,0.7207,65.1099,-0.0036,0.05,0.0001,1.5
0.7151,0.7151,65.825,-0.0056,0.05,0.0001,1.5
0.709,0.709,66.534,-0.0061,0.05,0.0001,1.5
0.7047,0.7047,67.2387,-0.0043,0.05,0.0001,1.5
0.6981,0.6981,67.9368,-0.0066,0.05,0.0001,1.5
0.6909,0.6909,68.6277,-0.0072,0.05,0.0001,1.5
0.6834,0.6834,69.3111,-0.0075,0.05,0.0001,1.5
0.6783,0.6783,69.9894,-0.0051,0.05,0.0001,1.5
0.6703,0.6703,70.6597,-0.008,0.05,0.0001,1.5
0.6619,0.6619,71.3216,-0.0084,0.05,0.0001,1.5
0.6561,0.6561,71.9777,-0.0058,0.05,0.0001,1.5
0.6472,0.6472,72.6249,-0.0089,0.05,0.0001,1.5
0.6379,0.6379,73.2628,-0.0093,0.05,0.0001,1.5
0.6283,0.6283,73.8911,-0.0096,0.05,0.0001,1.5
0.6186,0.6186,74.5097,-0.0097,0.05,0.0001,1.5
0.6086,0.6086,75.1183,-0.01,0.05,0.0001,1.5
0.6018,0.6018,75.7201,-0.0068,0.05,0.0001,1.5
0.5915,0.5915,76.3116,-0.0103,0.05,0.0001,1.5
0.5808,0.5808,76.8924,-0.0107,0.05,0.0001,1.5
0.5699,0.5699,77.4623,-0.0109,0.05,0.0001,1.5
0.5589,0.5589,78.0212,-0.011,0.05,0.0001,1.5
0.5515,0.5515,78.5727,-0.0074,0.05,0.0001,1.5
0.5403,0.5403,79.113,-0.0112,0.05,0.0001,1.5
0.5288,0.5288,79.6418,-0.0115,0.05,0.0001,1.5
0.5173,0.5173,80.1591,-0.0115,0.05,0.0001,1.5
0.5056,0.5056,80.6647,-0.0117,0.05,0.0001,1.5
0.4985,0.4985,81.1632,-0.0071,0.05,0.0001,1.5
0.4916,0.4916,81.6548,-0.0069,0.05,0.0001,1.5
0.4889,0.4889,82.1437,-0.0027,0.05,0.0001,1.5
0.4895,0.4895,82.6332,0.0006,0.05,0.0001,1.5
0.4939,0.4939,83.1271,0.0044,0.05,0.0001,1.5
0.5022,0.5022,83.6293,0.0083,0.05,0.0001,1.5
0.5111,0.5111,84.1404,0.0089,0.05,0.0001,1.5
0.519,0.519,84.6594,0.0079,0.05,0.0001,1.5
0.5259,0.5259,85.1853,0.0069,0.05,0.0001,1.5
0.53,0.53,85.7153,0.0041,0.05,0.0001,1.5
0.5354,0.5354,86.2507,0.0054,0.05,0.0001,1.5
0.5399,0.5399,86.7906,0.0045,0.05,0.0001,1.5
0.5436,0.5436,87.3342,0.0037,0.05,0.0001,1.5
0.5465,0.5465,87.8807,0.0029,0.05,0.0001,1.5
0.548,0.548,88.4287,0.0015,0.05,0.0001,1.5
0.5496,0.5496,88.9783,0.0016,0.05,0.0001,1.5
0.5504,0.5504,89.5287,0.0008,0.05,0.0001,1.5
0.5505,0.5505,90.0792,0.0001,0.05,0.0001,1.5
0.5501,0.5501,90.6293,-0.0004,0.05,0.0001,1.5
0.549,0.549,91.1783,-0.0011,0.05,0.0001,1.5
0.5472,0.5472,91.7255,-0.0018,0.05,0.0001,1.5
0.5456,0.5456,92.2711,-0.0016,0.05,0.0001,1.5
0.5427,0.5427,92.8138,-0.0029,0.05,0.0001,1.5
0.5392,0.5392,93.353,-0.0035,0.05,0.0001,1.5
0.535,0.535,93.888,-0.0042,0.05,0.0001,1.5
0.5287,0.5287,94.4167,-0.0063,0.05,0.0001,1.5
0.5251,0.5251,94.9418,-0.0036,0.05,0.0001,1.5
0.5195,0.5195,95.4613,-0.0056,0.05,0.0001,1.5
0.5134,0.5134,95.9747,-0.0061,0.05,0.0001,1.5
0.5068,0.5068,96.4815,-0.0066,0.05,0.0001,1.5
0.5022,0.5022,96.9837,-0.0046,0.05,0.0001,1.5
0.495,0.495,97.4787,-0.0072,0.05,0.0001,1.5
0.4873,0.4873,97.966,-0.0077,0.05,0.0001,1.5
0.4793,0.4793,98.4453,-0.008,0.05,0.0001,1.5
0.471,0.471,98.9163,-0.0083,0.05,0.0001,1.5
0.4654,0.4654,99.3817,-0.0056,0.05,0.0001,1.5
0.4568,0.4568,99.8385,-0.0086,0.05,0.0001,1.5
0.4478,0.4478,100.286,-0.009,0.05,0.0001,1.5
0.4386,0.4386,100.725,-0.0092,0.05,0.0001,1.5
0.4293,0.4293,101.154,-0.0093,0.05,0.0001,1.5
0.4199,0.4199,101.574,-0.0094,0.05,0.0001,1.5
0.4136,0.4136,101.988,-0.0063,0.05,0.0001,1.5
0.4042,0.4042,102.392,-0.0094,0.05,0.0001,1.5
0.3945,0.3945,102.786,-0.0097,0.05,0.0001,1.5
0.3848,0.3848,103.171,-0.0097,0.05,0.0001,1.5
0.3752,0.3752,103.546,-0.0096,0.05,0.0001,1.5
0.3656,0.3656,103.912,-0.0096,0.05,0.0001,1.5
0.3578,0.3578,104.27,-0.0078,0.05,0.0001,1.5
0.3568,0.3568,104.627,-0.001,0.05,0.0001,1.5
0.3603,0.3603,104.987,0.0035,0.05,0.0001,1.5
0.3702,0.3702,105.357,0.0099,0.05,0.0001,1.5
0.3869,0.3869,105.744,0.0167,0.05,0.0001,1.5
0.4029,0.4029,106.147,0.016,0.05,0.0001,1.5
0.4299,0.4299,106.577,0.027,0.05,0.0001,1.5
0.4408,0.4408,107.018,0.0109,0.05,0.0001,1.5
0.4491,0.4491,107.467,0.0083,0.05,0.0001,1.5
0.4556,0.4556,107.922,0.0065,0.05,0.0001,1.5
0.4606,0.4606,108.383,0.005,0.05,0.0001,1.5
0.4643,0.4643,108.847,0.0037,0.05,0.0001,1.5
0.4672,0.4672,109.314,0.0029,0.05,0.0001,1.5
0.4678,0.4678,109.782,0.0006,0.05,0.0001,1.5
0.4677,0.4677,110.25,-0.0001,0.05,0.0001,1.5
0.4665,0.4665,110.716,-0.0012,0.05,0.0001,1.5
0.4643,0.4643,111.181,-0.0022,0.05,0.0001,1.5
0.4612,0.4612,111.642,-0.0031,0.05,0.0001,1.5
0.4572,0.4572,112.099,-0.004,0.05,0.0001,1.5
0.4525,0.4525,112.552,-0.0047,0.05,0.0001,1.5
0.4471,0.4471,112.999,-0.0054,0.05,0.0001,1.5
0.4431,0.4431,113.442,-0.004,0.05,0.0001,1.5
0.4367,0.4367,113.879,-0.0064,0.05,0.0001,1.5
0.4296,0.4296,114.308,-0.0071,0.05,0.0001,1.5
0.4221,0.4221,114.73,-0.0075,0.05,0.0001,1.5
0.4142,0.4142,115.144,-0.0079,0.05,0.0001,1.5
0.406,0.406,115.55,-0.0082,0.05,0.0001,1.5
0.3975,0.3975,115.948,-0.0085,0.05,0.0001,1.5
0.3888,0.3888,116.337,-0.0087,0.05,0.0001,1.5
0.3828,0.3828,116.72,-0.006,0.05,0.0001,1.5
0.3739,0.3739,117.093,-0.0089,0.05,0.0001,1.5
0.3647,0.3647,117.458,-0.0092,0.05,0.0001,1.5
0.3554,0.3554,117.814,-0.0093,0.05,0.0001,1.5
0.3465,0.3465,118.16,-0.0089,0.05,0.0001,1.5
0.346,0.346,118.506,-0.0005,0.05,0.0001,1.5
0.3507,0.3507,118.857,0.0047,0.05,0.0001,1.5
0.366,0.366,119.223,0.0153,0.05,0.0001,1.5
0.3871,0.3871,119.61,0.0211,0.05,0.0001,1.5
0.4069,0.4069,120.017,0.0198,0.05,0.0001,1.5
0.4244,0.4244,120.441,0.0175,0.05,0.0001,1.5
0.4346,0.4346,120.876,0.0102,0.05,0.0001,1.5
0.448,0.448,121.324,0.0134,0.05,0.0001,1.5
0.4593,0.4593,121.783,0.0113,0.05,0.0001,1.5
0.4685,0.4685,122.252,0.0092,0.05,0.0001,1.5
0.4754,0.4754,122.727,0.0069,0.05,0.0001,1.5
0.4789,0.4789,123.206,0.0035,0.05,0.0001,1.5
0.4825,0.4825,123.688,0.0036,0.05,0.0001,1.5
0.4844,0.4844,124.173,0.0019,0.05,0.0001,1.5
0.4846,0.4846,124.657,0.0002,0.05,0.0001,1.5
0.4831,0.4831,125.14,-0.0015,0.05,0.0001,1.5
0.4802,0.4802,125.621,-0.0029,0.05,0.0001,1.5
0.4759,0.4759,126.097,-0.0043,0.05,0.0001,1.5
0.4704,0.4704,126.567,-0.0055,0.05,0.0001,1.5
0.4638,0.4638,127.031,-0.0066,0.05,0.0001,1.5
0.4589,0.4589,127.49,-0.0049,0.05,0.0001,1.5
0.4509,0.4509,127.941,-0.008,0.05,0.0001,1.5
0.442,0.442,128.383,-0.0089,0.05,0.0001,1.5
0.4325,0.4325,128.815,-0.0095,0.05,0.0001,1.5
0.4224,0.4224,129.237,-0.0101,0.05,0.0001,1.5
0.4119,0.4119,129.649,-0.0105,0.05,0.0001,1.5
0.4012,0.4012,130.051,-0.0107,0.05,0.0001,1.5
0.3902,0.3902,130.441,-0.011,0.05,0.0001,1.5
0.3791,0.3791,130.82,-0.0111,0.05,0.0001,1.5
0.3679,0.3679,131.188,-0.0112,0.05,0.0001,1.5
0.3567,0.3567,131.544,-0.0112,0.05,0.0001,1.5
0.3455,0.3455,131.89,-0.0112,0.05,0.0001,1.5
0.3386,0.3386,132.228,-0.0069,0.05,0.0001,1.5
0.3389,0.3389,132.567,0.0003,0.05,0.0001,1.5
0.3451,0.3451,132.912,0.0062,0.05,0.0001,1.5
0.3624,0.3624,133.275,0.0173,0.05,0.0001,1.5
0.3826,0.3826,133.657,0.0202,0.05,0.0001,1.5
0.4008,0.4008,134.058,0.0182,0.05,0.0001,1.5
0.4164,0.4164,134.475,0.0156,0.05,0.0001,1.5
0.4292,0.4292,134.904,0.0128,0.05,0.0001,1.5
0.4394,0.4394,135.343,0.0102,0.05,0.0001,1.5
0.447,0.447,135.79,0.0076,0.05,0.0001,1.5
0.4507,0.4507,136.241,0.0037,0.05,0.0001,1.5
0.4544,0.4544,136.695,0.0037,0.05,0.0001,1.5
0.456,0.456,137.151,0.0016,0.05,0.0001,1.5
0.4555,0.4555,137.607,-0.0005,0.05,0.0001,1.5
0.4532,0.4532,138.06,-0.0023,0.05,0.0001,1.5
0.4475,0.4475,138.508,-0.0057,0.05,0.0001,1.5
0.4415,0.4415,138.949,-0.006,0.05,0.0001,1.5
0.4342,0.4342,139.383,-0.0073,0.05,0.0001,1.5
0.4258,0.4258,139.809,-0.0084,0.05,0.0001,1.5
0.4166,0.4166,140.226,-0.0092,0.05,0.0001,1.5
0.41,0.41,140.636,-0.0066,0.05,0.0001,1.5
0.3996,0.3996,141.035,-0.0104,0.05,0.0001,1.5
0.3885,0.3885,141.424,-0.0111,0.05,0.0001,1.5
0.377,0.377,141.801,-0.0115,0.05,0.0001,1.5
0.3652,0.3652,142.166,-0.0118,0.05,0.0001,1.5
0.3532,0.3532,142.519,-0.012,0.05,0.0001,1.5
0.3412,0.3412,142.86,-0.012,0.05,0.0001,1.5
0.3292,0.3292,143.19,-0.012,0.05,0.0001,1.5
0.3174,0.3174,143.507,-0.0118,0.05,0.0001,1.5
0.3057,0.3057,143.813,-0.0117,0.05,0.0001,1.5
0.2981,0.2981,144.111,-0.0076,0.05,0.0001,1.5
0.2869,0.2869,144.398,-0.0112,0.05,0.0001,1.5
0.2758,0.2758,144.673,-0.0111,0.05,0.0001,1.5
0.2653,0.2653,144.939,-0.0105,0.05,0.0001,1.5
0.2678,0.2678,145.207,0.0025,0.05,0.0001,1.5
0.2878,0.2878,145.494,0.02,0.05,0.0001,1.5
0.3291,0.3291,145.823,0.0413,0.05,0.0001,1.5
0.375,0.375,146.198,0.0459,0.05,0.0001,1.5
0.4035,0.4035,146.602,0.0285,0.05,0.0001,1.5
0.4419,0.4419,147.044,0.0384,0.05,0.0001,1.5
0.4757,0.4757,147.52,0.0338,0.05,0.0001,1.5
0.5045,0.5045,148.024,0.0288,0.05,0.0001,1.5
0.5279,0.5279,148.552,0.0234,0.05,0.0001,1.5
0.5462,0.5462,149.098,0.0183,0.05,0.0001,1.5
0.5594,0.5594,149.658,0.0132,0.05,0.0001,1.5
0.5657,0.5657,150.223,0.0063,0.05,0.0001,1.5
0.5715,0.5715,150.795,0.0058,0.05,0.0001,1.5
0.5735,0.5735,151.368,0.002,0.05,0.0001,1.5
0.5719,0.5719,151.94,-0.0016,0.05,0.0001,1.5
0.5671,0.5671,152.507,-0.0048,0.05,0.0001,1.5
0.5594,0.5594,153.067,-0.0077,0.05,0.0001,1.5
0.5529,0.5529,153.62,-0.0065,0.05,0.0001,1.5
0.5413,0.5413,154.161,-0.0116,0.05,0.0001,1.5
0.5279,0.5279,154.689,-0.0134,0.05,0.0001,1.5
0.5128,0.5128,155.202,-0.0151,0.05,0.0001,1.5
0.5021,0.5021,155.704,-0.0107,0.05,0.0001,1.5
0.4853,0.4853,156.189,-0.0168,0.05,0.0001,1.5
0.4676,0.4676,156.657,-0.0177,0.05,0.0001,1.5
0.4493,0.4493,157.106,-0.0183,0.05,0.0001,1.5
0.4308,0.4308,157.537,-0.0185,0.05,0.0001,1.5
0.4131,0.4131,157.95,-0.0177,0.05,0.0001,1.5
0.4045,0.4045,158.354,-0.0086,0.05,0.0001,1.5
0.4042,0.4042,158.758,-0.0003,0.05,0.0001,1.5
0.4112,0.4112,159.17,0.007,0.05,0.0001,1.5
0.4177,0.4177,159.587,0.0065,0.05,0.0001,1.5
0.4227,0.4227,160.01,0.005,0.05,0.0001,1.5
0.4249,0.4249,160.435,0.0022,0.05,0.0001,1.5
0.4266,0.4266,160.862,0.0017,0.05,0.0001,1.5
0.4264,0.4264,161.288,-0.0002,0.05,0.0001,1.5
0.4244,0.4244,161.712,-0.002,0.05,0.0001,1.5
0.4205,0.4205,162.133,-0.0039,0.05,0.0001,1.5
0.4171,0.4171,162.55,-0.0034,0.05,0.0001,1.5
0.4106,0.4106,162.961,-0.0065,0.05,0.0001,1.5
0.4027,0.4027,163.363,-0.0079,0.05,0.0001,1.5
0.3935,0.3935,163.757,-0.0092,0.05,0.0001,1.5
0.3868,0.3868,164.144,-0.0067,0.05,0.0001,1.5
0.376,0.376,164.52,-0.0108,0.05,0.0001,1.5
0.3643,0.3643,164.884,-0.0117,0.05,0.0001,1.5
0.3519,0.3519,165.236,-0.0124,0.05,0.0001,1.5
0.339,0.339,165.575,-0.0129,0.05,0.0001,1.5
0.3259,0.3259,165.901,-0.0131,0.05,0.0001,1.5
0.3171,0.3171,166.218,-0.0088,0.05,0.0001,1.5
0.3039,0.3039,166.522,-0.0132,0.05,0.0001,1.5
0.2906,0.2906,166.812,-0.0133,0.05,0.0001,1.5
0.2808,0.2808,167.093,-0.0098,0.05,0.0001,1.5
0.3077,0.3077,167.401,0.0269,0.05,0.0001,1.5
0.3482,0.3482,167.749,0.0405,0.05,0.0001,1.5
0.3959,0.3959,168.145,0.0477,0.05,0.0001,1.5
0.4253,0.4253,168.57,0.0294,0.05,0.0001,1.5
0.4643,0.4643,169.035,0.039,0.05,0.0001,1.5
0.498,0.498,169.532,0.0337,0.05,0.0001,1.5
0.5258,0.5258,170.058,0.0278,0.05,0.0001,1.5
0.5473,0.5473,170.606,0.0215,0.05,0.0001,1.5
0.5583,0.5583,171.164,0.011,0.05,0.0001,1.5
0.57,0.57,171.734,0.0117,0.05,0.0001,1.5
0.5766,0.5766,172.311,0.0066,0.05,0.0001,1.5
0.5784,0.5784,172.889,0.0018,0.05,0.0001,1.5
0.5756,0.5756,173.465,-0.0028,0.05,0.0001,1.5
0.5687,0.5687,174.033,-0.0069,0.05,0.0001,1.5
0.5622,0.5622,174.595,-0.0065,0.05,0.0001,1.5
0.5498,0.5498,175.145,-0.0124,0.05,0.0001,1.5
0.5347,0.5347,175.68,-0.0151,0.05,0.0001,1.5
0.5174,0.5174,176.197,-0.0173,0.05,0.0001,1.5
0.4985,0.4985,176.696,-0.0189,0.05,0.0001,1.5
0.4783,0.4783,177.174,-0.0202,0.05,0.0001,1.5
0.4643,0.4643,177.638,-0.014,0.05,0.0001,1.5
0.443,0.443,178.081,-0.0213,0.05,0.0001,1.5
0.4212,0.4212,178.503,-0.0218,0.05,0.0001,1.5
0.3991,0.3991,178.902,-0.0221,0.05,0.0001,1.5
0.3774,0.3774,179.279,-0.0217,0.05,0.0001,1.5
0.3631,0.3631,179.642,-0.0143,0.05,0.0001,1.5
0.3423,0.3423,179.985,-0.0208,0.05,0.0001,1.5
0.322,0.322,180.307,-0.0203,0.05,0.0001,1.5
0.3023,0.3023,180.609,-0.0197,0.05,0.0001,1.5
0.2835,0.2835,180.892,-0.0188,0.05,0.0001,1.5
0.2658,0.2658,181.158,-0.0177,0.05,0.0001,1.5
0.2492,0.2492,181.407,-0.0166,0.05,0.0001,1.5
0.2436,0.2436,181.651,-0.0056,0.05,0.0001,1.5
0.2791,0.2791,181.93,0.0355,0.05,0.0001,1.5
0.3191,0.3191,182.249,0.04,0.05,0.0001,1.5
0.3906,0.3906,182.64,0.0715,0.05,0.0001,1.5
0.4574,0.4574,183.097,0.0668,0.05,0.0001,1.5
0.5165,0.5165,183.614,0.0591,0.05,0.0001,1.5
0.5662,0.5662,184.18,0.0497,0.05,0.0001,1.5
0.6065,0.6065,184.786,0.0403,0.05,0.0001,1.5
0.6281,0.6281,185.414,0.0216,0.05,0.0001,1.5
0.6532,0.6532,186.068,0.0251,0.05,0.0001,1.5
0.6705,0.6705,186.738,0.0173,0.05,0.0001,1.5
0.6801,0.6801,187.418,0.0096,0.05,0.0001,1.5
0.6824,0.6824,188.101,0.0023,0.05,0.0001,1.5
0.6802,0.6802,188.781,-0.0022,0.05,0.0001,1.5
0.6722,0.6722,189.453,-0.008,0.05,0.0001,1.5
0.6591,0.6591,190.112,-0.0131,0.05,0.0001,1.5
0.6416,0.6416,190.754,-0.0175,0.05,0.0001,1.5
0.6206,0.6206,191.374,-0.021,0.05,0.0001,1.5
0.605,0.605,191.979,-0.0156,0.05,0.0001,1.5
0.5955,0.5955,192.575,-0.0095,0.05,0.0001,1.5
0.6116,0.6116,193.186,0.0161,0.05,0.0001,1.5
0.626,0.626,193.812,0.0144,0.05,0.0001,1.5
0.6439,0.6439,194.456,0.0179,0.05,0.0001,1.5
0.6571,0.6571,195.113,0.0132,0.05,0.0001,1.5
0.663,0.663,195.776,0.0059,0.05,0.0001,1.5
0.6676,0.6676,196.444,0.0046,0.05,0.0001,1.5
0.6675,0.6675,197.112,-0.0001,0.05,0.0001,1.5
0.6628,0.6628,197.774,-0.0047,0.05,0.0001,1.5
0.6538,0.6538,198.428,-0.009,0.05,0.0001,1.5
0.641,0.641,199.069,-0.0128,0.05,0.0001,1.5
0.6306,0.6306,199.7,-0.0104,0.05,0.0001,1.5
0.6126,0.6126,200.312,-0.018,0.05,0.0001,1.5
0.5919,0.5919,200.904,-0.0207,0.05,0.0001,1.5
0.5769,0.5769,201.481,-0.015,0.05,0.0001,1.5
0.5532,0.5532,202.034,-0.0237,0.05,0.0001,1.5
0.5278,0.5278,202.562,-0.0254,0.05,0.0001,1.5
0.5104,0.5104,203.073,-0.0174,0.05,0.0001,1.5
0.5309,0.5309,203.603,0.0205,0.05,0.0001,1.5
0.6036,0.6036,204.207,0.0727,0.05,0.0001,1.5
0.6772,0.6772,204.884,0.0736,0.05,0.0001,1.5
0.7218,0.7218,205.606,0.0446,0.05,0.0001,1.5
0.7795,0.7795,206.386,0.0577,0.05,0.0001,1.5
0.8272,0.8272,207.213,0.0477,0.05,0.0001,1.5
0.8644,0.8644,208.077,0.0372,0.05,0.0001,1.5
0.8831,0.8831,208.96,0.0187,0.05,0.0001,1.5
0.9023,0.9023,209.863,0.0192,0.05,0.0001,1.5
0.9121,0.9121,210.775,0.0098,0.05,0.0001,1.5
0.9129,0.9129,211.688,0.0008,0.05,0.0001,1.5
0.9087,0.9087,212.596,-0.0042,0.05,0.0001,1.5
0.8962,0.8962,213.492,-0.0125,0.05,0.0001,1.5
0.8769,0.8769,214.369,-0.0193,0.05,0.0001,1.5
0.8519,0.8519,215.221,-0.025,0.05,0.0001,1.5
0.8326,0.8326,216.054,-0.0193,0.05,0.0001,1.5
0.8005,0.8005,216.854,-0.0321,0.05,0.0001,1.5
0.7649,0.7649,217.619,-0.0356,0.05,0.0001,1.5
0.7397,0.7397,218.359,-0.0252,0.05,0.0001,1.5
0.7008,0.7008,219.06,-0.0389,0.05,0.0001,1.5
0.6605,0.6605,219.72,-0.0403,0.05,0.0001,1.5
0.6195,0.6195,220.34,-0.041,0.05,0.0001,1.5
0.5924,0.5924,220.932,-0.0271,0.05,0.0001,1.5
0.5526,0.5526,221.485,-0.0398,0.05,0.0001,1.5
0.5133,0.5133,221.998,-0.0393,0.05,0.0001,1.5
0.4751,0.4751,222.473,-0.0382,0.05,0.0001,1.5
0.4506,0.4506,222.924,-0.0245,0.05,0.0001,1.5
0.4157,0.4157,223.339,-0.0349,0.05,0.0001,1.5
0.3822,0.3822,223.722,-0.0335,0.05,0.0001,1.5
0.3507,0.3507,224.072,-0.0315,0.05,0.0001,1.5
0.3292,0.3292,224.402,-0.0215,0.05,0.0001,1.5
0.3374,0.3374,224.739,0.0082,0.05,0.0001,1.5
0.3719,0.3719,225.111,0.0345,0.05,0.0001,1.5
0.4429,0.4429,225.554,0.071,0.05,0.0001,1.5
0.5106,0.5106,226.064,0.0677,0.05,0.0001,1.5
0.5705,0.5705,226.635,0.0599,0.05,0.0001,1.5
0.6051,0.6051,227.24,0.0346,0.05,0.0001,1.5
0.6607,0.6607,227.901,0.0556,0.05,0.0001,1.5
0.6821,0.6821,228.583,0.0214,0.05,0.0001,1.5
0.7053,0.7053,229.288,0.0232,0.05,0.0001,1.5
0.7191,0.7191,230.007,0.0138,0.05,0.0001,1.5
0.7241,0.7241,230.731,0.005,0.05,0.0001,1.5
0.7228,0.7228,231.454,-0.0013,0.05,0.0001,1.5
0.7147,0.7147,232.169,-0.0081,0.05,0.0001,1.5
0.7315,0.7315,232.9,0.0168,0.05,0.0001,1.5
0.8198,0.8198,233.72,0.0883,0.05,0.0001,1.5
0.8869,0.8869,234.607,0.0671,0.05,0.0001,1.5
0.9759,0.9759,235.583,0.089,0.05,0.0001,1.5
1.0503,1.0503,236.633,0.0744,0.05,0.0001,1.5
1.1081,1.1081,237.741,0.0578,0.05,0.0001,1.5
1.1487,1.1487,238.89,0.0406,0.05,0.0001,1.5
1.1665,1.1665,240.056,0.0178,0.05,0.0001,1.5
1.1808,1.1808,241.237,0.0143,0.05,0.0001,1.5
1.1828,1.1828,242.42,0.002,0.05,0.0001,1.5
1.1755,1.1755,243.596,-0.0073,0.05,0.0001,1.5
1.157,1.157,244.753,-0.0185,0.05,0.0001,1.5
1.1286,1.1286,245.881,-0.0284,0.05,0.0001,1.5
1.105,1.105,246.986,-0.0236,0.05,0.0001,1.5
1.0641,1.0641,248.05,-0.0409,0.05,0.0001,1.5
1.0171,1.0171,249.067,-0.047,0.05,0.0001,1.5
0.9657,0.9657,250.033,-0.0514,0.05,0.0001,1.5
0.9319,0.9319,250.965,-0.0338,0.05,0.0001,1.5
0.9392,0.9392,251.904,0.0073,0.05,0.0001,1.5
1.0291,1.0291,252.933,0.0899,0.05,0.0001,1.5
1.0927,1.0927,254.026,0.0636,0.05,0.0001,1.5
1.177,1.177,255.203,0.0843,0.05,0.0001,1.5
1.247,1.247,256.45,0.07,0.05,0.0001,1.5
1.3011,1.3011,257.751,0.0541,0.05,0.0001,1.5
1.3383,1.3383,259.089,0.0372,0.05,0.0001,1.5
1.354,1.354,260.443,0.0157,0.05,0.0001,1.5
1.365,1.365,261.808,0.011,0.05,0.0001,1.5
1.3622,1.3622,263.171,-0.0028,0.05,0.0001,1.5
1.3466,1.3466,264.517,-0.0156,0.05,0.0001,1.5
1.3298,1.3298,265.847,-0.0168,0.05,0.0001,1.5
1.3174,1.3174,267.164,-0.0124,0.05,0.0001,1.5
1.3675,1.3675,268.532,0.0501,0.05,0.0001,1.5
1.4049,1.4049,269.937,0.0374,0.05,0.0001,1.5
1.4498,1.4498,271.387,0.0449,0.05,0.0001,1.5
1.4805,1.4805,272.867,0.0307,0.05,0.0001,1.5
1.4963,1.4963,274.363,0.0158,0.05,0.0001,1.5
1.4973,1.4973,275.861,0.001,0.05,0.0001,1.5
1.4904,1.4904,277.351,-0.0069,0.05,0.0001,1.5
1.47,1.47,278.821,-0.0204,0.05,0.0001,1.5
1.4385,1.4385,280.26,-0.0315,0.05,0.0001,1.5
1.3973,1.3973,281.657,-0.0412,0.05,0.0001,1.5
1.3652,1.3652,283.022,-0.0321,0.05,0.0001,1.5
1.3119,1.3119,284.334,-0.0533,0.05,0.0001,1.5
1.2524,1.2524,285.586,-0.0595,0.05,0.0001,1.5
1.1884,1.1884,286.775,-0.064,0.05,0.0001,1.5
1.1443,1.1443,287.919,-0.0441,0.05,0.0001,1.5
1.077,1.077,288.996,-0.0673,0.05,0.0001,1.5
1.0312,1.0312,290.027,-0.0458,0.05,0.0001,1.5
0.9627,0.9627,290.99,-0.0685,0.05,0.0001,1.5
0.9102,0.9102,291.9,-0.0525,0.05,0.0001,1.5
0.9616,0.9616,292.862,0.0514,0.05,0.0001,1.5
1.063,1.063,293.925,0.1014,0.05,0.0001,1.5
1.2151,1.2151,295.14,0.1521,0.05,0.0001,1.5
1.3529,1.3529,296.493,0.1378,0.05,0.0001,1.5
1.4331,1.4331,297.926,0.0802,0.05,0.0001,1.5
1.533,1.533,299.459,0.0999,0.05,0.0001,1.5
1.6112,1.6112,301.07,0.0782,0.05,0.0001,1.5
1.6668,1.6668,302.737,0.0556,0.05,0.0001,1.5
1.691,1.691,304.428,0.0242,0.05,0.0001,1.5
1.7096,1.7096,306.137,0.0186,0.05,0.0001,1.5
1.7087,1.7087,307.846,-0.0009,0.05,0.0001,1.5
1.69,1.69,309.536,-0.0187,0.05,0.0001,1.5
1.6685,1.6685,311.205,-0.0215,0.05,0.0001,1.5
1.625,1.625,312.83,-0.0435,0.05,0.0001,1.5
1.6063,1.6063,314.436,-0.0187,0.05,0.0001,1.5
1.6327,1.6327,316.069,0.0264,0.05,0.0001,1.5
1.6474,1.6474,317.716,0.0147,0.05,0.0001,1.5
1.6579,1.6579,319.374,0.0105,0.05,0.0001,1.5
1.6545,1.6545,321.028,-0.0034,0.05,0.0001,1.5
1.6447,1.6447,322.673,-0.0098,0.05,0.0001,1.5
1.6199,1.6199,324.293,-0.0248,0.05,0.0001,1.5
1.5836,1.5836,325.877,-0.0363,0.05,0.0001,1.5
1.5537,1.5537,327.43,-0.0299,0.05,0.0001,1.5
1.5019,1.5019,328.932,-0.0518,0.05,0.0001,1.5
1.4421,1.4421,330.374,-0.0598,0.05,0.0001,1.5
1.44,1.44,331.814,-0.0021,0.05,0.0001,1.5
1.4885,1.4885,333.303,0.0485,0.05,0.0001,1.5
1.6048,1.6048,334.908,0.1163,0.05,0.0001,1.5
1.7107,1.7107,336.618,0.1059,0.05,0.0001,1.5
1.7703,1.7703,338.389,0.0596,0.05,0.0001,1.5
1.8401,1.8401,340.229,0.0698,0.05,0.0001,1.5
1.8885,1.8885,342.117,0.0484,0.05,0.0001,1.5
1.9153,1.9153,344.033,0.0268,0.05,0.0001,1.5
1.9212,1.9212,345.954,0.0059,0.05,0.0001,1.5
1.9137,1.9137,347.867,-0.0075,0.05,0.0001,1.5
1.8883,1.8883,349.756,-0.0254,0.05,0.0001,1.5
1.8623,1.8623,351.618,-0.026,0.05,0.0001,1.5
1.8118,1.8118,353.43,-0.0505,0.05,0.0001,1.5
1.7484,1.7484,355.178,-0.0634,0.05,0.0001,1.5
1.7002,1.7002,356.878,-0.0482,0.05,0.0001,1.5
1.6216,1.6216,358.5,-0.0786,0.05,0.0001,1.5
1.5357,1.5357,360.036,-0.0859,0.05,0.0001,1.5
1.4755,1.4755,361.511,-0.0602,0.05,0.0001,1.5
1.3835,1.3835,362.895,-0.092,0.05,0.0001,1.5
1.289,1.289,364.184,-0.0945,0.05,0.0001,1.5
1.2337,1.2337,365.417,-0.0553,0.05,0.0001,1.5
1.2501,1.2501,366.668,0.0164,0.05,0.0001,1.5
1.3324,1.3324,368,0.0823,0.05,0.0001,1.5
1.4142,1.4142,369.414,0.0818,0.05,0.0001,1.5
1.4616,1.4616,370.876,0.0474,0.05,0.0001,1.5
1.5183,1.5183,372.394,0.0567,0.05,0.0001,1.5
1.5589,1.5589,373.953,0.0406,0.05,0.0001,1.5
1.5767,1.5767,375.53,0.0178,0.05,0.0001,1.5
1.5895,1.5895,377.119,0.0128,0.05,0.0001,1.5
1.5868,1.5868,378.706,-0.0027,0.05,0.0001,1.5
1.5693,1.5693,380.275,-0.0175,0.05,0.0001,1.5
1.5498,1.5498,381.825,-0.0195,0.05,0.0001,1.5
1.5106,1.5106,383.336,-0.0392,0.05,0.0001,1.5
1.4601,1.4601,384.796,-0.0505,0.05,0.0001,1.5
1.4211,1.4211,386.217,-0.039,0.05,0.0001,1.5
1.3566,1.3566,387.573,-0.0645,0.05,0.0001,1.5
1.2852,1.2852,388.859,-0.0714,0.05,0.0001,1.5
1.2387,1.2387,390.097,-0.0465,0.05,0.0001,1.5
1.2077,1.2077,391.305,-0.031,0.05,0.0001,1.5
1.2034,1.2034,392.508,-0.0043,0.05,0.0001,1.5
1.1981,1.1981,393.707,-0.0053,0.05,0.0001,1.5
1.1847,1.1847,394.891,-0.0134,0.05,0.0001,1.5
1.1639,1.1639,396.055,-0.0208,0.05,0.0001,1.5
1.1361,1.1361,397.191,-0.0278,0.05,0.0001,1.5
1.114,1.114,398.305,-0.0221,0.05,0.0001,1.5
1.0761,1.0761,399.381,-0.0379,0.05,0.0001,1.5
1.0325,1.0325,400.414,-0.0436,0.05,0.0001,1.5
0.9841,0.9841,401.398,-0.0484,0.05,0.0001,1.5
0.9567,0.9567,402.355,-0.0274,0.05,0.0001,1.5
0.98,0.98,403.335,0.0233,0.05,0.0001,1.5
1.0423,1.0423,404.377,0.0623,0.05,0.0001,1.5
1.1003,1.1003,405.477,0.058,0.05,0.0001,1.5
1.1324,1.1324,406.61,0.0321,0.05,0.0001,1.5
1.1683,1.1683,407.778,0.0359,0.05,0.0001,1.5
1.1905,1.1905,408.968,0.0222,0.05,0.0001,1.5
1.199,1.199,410.167,0.0085,0.05,0.0001,1.5
1.197,1.197,411.364,-0.002,0.05,0.0001,1.5
1.1836,1.1836,412.548,-0.0134,0.05,0.0001,1.5
1.1585,1.1585,413.707,-0.0251,0.05,0.0001,1.5
1.1229,1.1229,414.829,-0.0356,0.05,0.0001,1.5
1.0941,1.0941,415.924,-0.0288,0.05,0.0001,1.5
1.0448,1.0448,416.968,-0.0493,0.05,0.0001,1.5
0.9886,0.9886,417.957,-0.0562,0.05,0.0001,1.5
0.9275,0.9275,418.884,-0.0611,0.05,0.0001,1.5
0.8414,0.8414,419.726,-0.0861,0.05,0.0001,1.5
0.7973,0.7973,420.523,-0.0441,0.05,0.0001,1.5
0.7327,0.7327,421.256,-0.0646,0.05,0.0001,1.5
0.6684,0.6684,421.924,-0.0643,0.05,0.0001,1.5
0.6051,0.6051,422.529,-0.0633,0.05,0.0001,1.5
0.5641,0.5641,423.093,-0.041,0.05,0.0001,1.5
0.5122,0.5122,423.606,-0.0519,0.05,0.0001,1.5
0.5014,0.5014,424.107,-0.0108,0.05,0.0001,1.5
0.5323,0.5323,424.639,0.0309,0.05,0.0001,1.5
0.5643,0.5643,425.204,0.032,0.05,0.0001,1.5
0.5833,0.5833,425.787,0.019,0.05,0.0001,1.5
0.6059,0.6059,426.393,0.0226,0.05,0.0001,1.5
0.6216,0.6216,427.014,0.0157,0.05,0.0001,1.5
0.6298,0.6298,427.644,0.0082,0.05,0.0001,1.5
0.6308,0.6308,428.275,0.001,0.05,0.0001,1.5
0.626,0.626,428.901,-0.0048,0.05,0.0001,1.5
0.614,0.614,429.515,-0.012,0.05,0.0001,1.5
0.5951,0.5951,430.11,-0.0189,0.05,0.0001,1.5
0.5791,0.5791,430.689,-0.016,0.05,0.0001,1.5
0.5507,0.5507,431.24,-0.0284,0.05,0.0001,1.5
0.5173,0.5173,431.757,-0.0334,0.05,0.0001,1.5
0.4927,0.4927,432.25,-0.0246,0.05,0.0001,1.5
0.4533,0.4533,432.703,-0.0394,0.05,0.0001,1.5
0.4449,0.4449,433.148,-0.0084,0.05,0.0001,1.5
0.4648,0.4648,433.613,0.0199,0.05,0.0001,1.5
0.4952,0.4952,434.108,0.0304,0.05,0.0001,1.5
0.52,0.52,434.628,0.0248,0.05,0.0001,1.5
0.5321,0.5321,435.16,0.0121,0.05,0.0001,1.5
0.5433,0.5433,435.704,0.0112,0.05,0.0001,1.5
0.5466,0.5466,436.25,0.0033,0.05,0.0001,1.5
0.542,0.542,436.792,-0.0046,0.05,0.0001,1.5
0.5347,0.5347,437.327,-0.0073,0.05,0.0001,1.5
0.5181,0.5181,437.845,-0.0166,0.05,0.0001,1.5
0.4952,0.4952,438.34,-0.0229,0.05,0.0001,1.5
0.4666,0.4666,438.807,-0.0286,0.05,0.0001,1.5
0.4336,0.4336,439.24,-0.033,0.05,0.0001,1.5
0.3969,0.3969,439.637,-0.0367,0.05,0.0001,1.5
0.3709,0.3709,440.008,-0.026,0.05,0.0001,1.5
0.3305,0.3305,440.339,-0.0404,0.05,0.0001,1.5
0.2882,0.2882,440.627,-0.0423,0.05,0.0001,1.5
0.2451,0.2451,440.872,-0.0431,0.05,0.0001,1.5
0.2164,0.2164,441.088,-0.0287,0.05,0.0001,1.5
0.1741,0.1741,441.262,-0.0423,0.05,0.0001,1.5
0.1323,0.1323,441.395,-0.0418,0.05,0.0001,1.5
0.1049,0.1049,441.5,-0.0274,0.05,0.0001,1.5
0.0655,0.0655,441.565,-0.0394,0.05,0.0001,1.5
0.0275,0.0275,441.593,-0.038,0.05,0.0001,1.5
0.0032,0.0032,441.596,-0.0243,0.05,0.0001,1.5
-0.0675,-0.0675,441.528,-0.0707,0.05,0.0001,1.5
-0.0484,-0.0484,441.48,0.0191,0.05,0.0001,1.5
0.0183,0.0183,441.498,0.0667,0.05,0.0001,1.5
0.0442,0.0442,441.542,0.0259,0.05,0.0001,1.5
0.0775,0.0775,441.62,0.0333,0.05,0.0001,1.5
0.1048,0.1048,441.725,0.0273,0.05,0.0001,1.5
0.1196,0.1196,441.844,0.0148,0.05,0.0001,1.5
0.1365,0.1365,441.981,0.0169,0.05,0.0001,1.5
0.1473,0.1473,442.128,0.0108,0.05,0.0001,1.5
0.1511,0.1511,442.279,0.0038,0.05,0.0001,1.5
0.1517,0.1517,442.431,0.0006,0.05,0.0001,1.5
0.1466,0.1466,442.578,-0.0051,0.05,0.0001,1.5
0.1403,0.1403,442.718,-0.0063,0.05,0.0001,1.5
0.1269,0.1269,442.845,-0.0134,0.05,0.0001,1.5
0.1091,0.1091,442.954,-0.0178,0.05,0.0001,1.5
0.0877,0.0877,443.042,-0.0214,0.05,0.0001,1.5
0.0719,0.0719,443.113,-0.0158,0.05,0.0001,1.5
0.0462,0.0462,443.16,-0.0257,0.05,0.0001,1.5
0.0186,0.0186,443.178,-0.0276,0.05,0.0001,1.5
-0.0006,-0.0006,443.178,-0.0192,0.05,0.0001,1.5
-0.0298,-0.0298,443.148,-0.0292,0.05,0.0001,1.5
-0.0595,-0.0595,443.088,-0.0297,0.05,0.0001,1.5
-0.0793,-0.0793,443.009,-0.0198,0.05,0.0001,1.5
-0.1083,-0.1083,442.901,-0.029,0.05,0.0001,1.5
-0.1368,-0.1368,442.764,-0.0285,0.05,0.0001,1.5
-0.1553,-0.1553,442.609,-0.0185,0.05,0.0001,1.5
-0.1817,-0.1817,442.427,-0.0264,0.05,0.0001,1.5
-0.2068,-0.2068,442.22,-0.0251,0.05,0.0001,1.5
-0.2304,-0.2304,441.99,-0.0236,0.05,0.0001,1.5
-0.2521,-0.2521,441.738,-0.0217,0.05,0.0001,1.5
-0.2654,-0.2654,441.472,-0.0133,0.05,0.0001,1.5
-0.2836,-0.2836,441.189,-0.0182,0.05,0.0001,1.5
-0.3003,-0.3003,440.888,-0.0167,0.05,0.0001,1.5
-0.3153,-0.3153,440.573,-0.015,0.05,0.0001,1.5
-0.3243,-0.3243,440.249,-0.009,0.05,0.0001,1.5
-0.3365,-0.3365,439.912,-0.0122,0.05,0.0001,1.5
-0.3474,-0.3474,439.565,-0.0109,0.05,0.0001,1.5
-0.3519,-0.3519,439.213,-0.0045,0.05,0.0001,1.5
-0.6823,-0.6823,438.531,-0.3304,0.05,0.0001,1.5
-0.6292,-0.6292,437.901,0.0531,0.05,0.0001,1.5
-0.3732,-0.3732,437.528,0.256,0.05,0.0001,1.5
0.171,0.171,437.699,0.5442,0.05,0.0001,1.5
0.1035,0.1035,437.803,-0.0675,0.05,0.0001,1.5
0.1498,0.1498,437.953,0.0463,0.05,0.0001,1.5
0.2412,0.2412,438.194,0.0914,0.05,0.0001,1.5
0.3287,0.3287,438.522,0.0875,0.05,0.0001,1.5
0.403,0.403,438.925,0.0743,0.05,0.0001,1.5
0.4437,0.4437,439.369,0.0407,0.05,0.0001,1.5
0.4914,0.4914,439.861,0.0477,0.05,0.0001,1.5
0.5152,0.5152,440.376,0.0238,0.05,0.0001,1.5
0.5389,0.5389,440.915,0.0237,0.05,0.0001,1.5
0.5493,0.5493,441.464,0.0104,0.05,0.0001,1.5
0.5493,0.5493,442.013,0,0.05,0.0001,1.5
0.5399,0.5399,442.553,-0.0094,0.05,0.0001,1.5
0.5203,0.5203,443.073,-0.0196,0.05,0.0001,1.5
0.4921,0.4921,443.566,-0.0282,0.05,0.0001,1.5
0.4692,0.4692,444.035,-0.0229,0.05,0.0001,1.5
0.4301,0.4301,444.465,-0.0391,0.05,0.0001,1.5
0.386,0.386,444.851,-0.0441,0.05,0.0001,1.5
0.3385,0.3385,445.189,-0.0475,0.05,0.0001,1.5
0.2891,0.2891,445.478,-0.0494,0.05,0.0001,1.5
0.2557,0.2557,445.734,-0.0334,0.05,0.0001,1.5
0.1735,0.1735,445.908,-0.0822,0.05,0.0001,1.5
0.125,0.125,446.033,-0.0485,0.05,0.0001,1.5
0.0803,0.0803,446.113,-0.0447,0.05,0.0001,1.5
0.0397,0.0397,446.153,-0.0406,0.05,0.0001,1.5
0.0146,0.0146,446.167,-0.0251,0.05,0.0001,1.5
-0.0203,-0.0203,446.147,-0.0349,0.05,0.0001,1.5
-0.0527,-0.0527,446.094,-0.0324,0.05,0.0001,1.5
-0.0823,-0.0823,446.012,-0.0296,0.05,0.0001,1.5
-0.1089,-0.1089,445.903,-0.0266,0.05,0.0001,1.5
-0.1326,-0.1326,445.77,-0.0237,0.05,0.0001,1.5
-0.1469,-0.1469,445.624,-0.0143,0.05,0.0001,1.5
-0.1663,-0.1663,445.457,-0.0194,0.05,0.0001,1.5
-0.184,-0.184,445.273,-0.0177,0.05,0.0001,1.5
-0.1999,-0.1999,445.073,-0.0159,0.05,0.0001,1.5
-0.2141,-0.2141,444.859,-0.0142,0.05,0.0001,1.5
-0.2228,-0.2228,444.636,-0.0087,0.05,0.0001,1.5
-0.2348,-0.2348,444.402,-0.012,0.05,0.0001,1.5
-0.2459,-0.2459,444.156,-0.0111,0.05,0.0001,1.5
-0.2563,-0.2563,443.899,-0.0104,0.05,0.0001,1.5
-0.2628,-0.2628,443.637,-0.0065,0.05,0.0001,1.5
-0.2721,-0.2721,443.365,-0.0093,0.05,0.0001,1.5
-0.281,-0.281,443.084,-0.0089,0.05,0.0001,1.5
-0.2897,-0.2897,442.794,-0.0087,0.05,0.0001,1.5
-0.2954,-0.2954,442.498,-0.0057,0.05,0.0001,1.5
-0.3036,-0.3036,442.195,-0.0082,0.05,0.0001,1.5
-0.3118,-0.3118,441.883,-0.0082,0.05,0.0001,1.5
-0.3199,-0.3199,441.563,-0.0081,0.05,0.0001,1.5
-0.3278,-0.3278,441.235,-0.0079,0.05,0.0001,1.5
-0.333,-0.333,440.902,-0.0052,0.05,0.0001,1.5
-0.3407,-0.3407,440.562,-0.0077,0.05,0.0001,1.5
-0.3483,-0.3483,440.213,-0.0076,0.05,0.0001,1.5
-0.3559,-0.3559,439.857,-0.0076,0.05,0.0001,1.5
-0.3633,-0.3633,439.494,-0.0074,0.05,0.0001,1.5
-0.3704,-0.3704,439.124,-0.0071,0.05,0.0001,1.5
-0.3796,-0.3796,438.744,-0.0092,0.05,0.0001,1.5
-0.3862,-0.3862,438.358,-0.0066,0.05,0.0001,1.5
-0.3923,-0.3923,437.966,-0.0061,0.05,0.0001,1.5
-0.3962,-0.3962,437.569,-0.0039,0.05,0.0001,1.5
-0.4017,-0.4017,437.168,-0.0055,0.05,0.0001,1.5
-0.407,-0.407,436.761,-0.0053,0.05,0.0001,1.5
-0.4121,-0.4121,436.349,-0.0051,0.05,0.0001,1.5
-0.4169,-0.4169,435.932,-0.0048,0.05,0.0001,1.5
-0.4215,-0.4215,435.51,-0.0046,0.05,0.0001,1.5
-0.4258,-0.4258,435.084,-0.0043,0.05,0.0001,1.5
-0.4299,-0.4299,434.655,-0.0041,0.05,0.0001,1.5
-0.4337,-0.4337,434.221,-0.0038,0.05,0.0001,1.5
-0.4361,-0.4361,433.785,-0.0024,0.05,0.0001,1.5
-0.4396,-0.4396,433.345,-0.0035,0.05,0.0001,1.5
-0.4429,-0.4429,432.902,-0.0033,0.05,0.0001,1.5
-0.4461,-0.4461,432.456,-0.0032,0.05,0.0001,1.5
-0.4491,-0.4491,432.007,-0.003,0.05,0.0001,1.5
-0.4519,-0.4519,431.555,-0.0028,0.05,0.0001,1.5
-0.4546,-0.4546,431.101,-0.0027,0.05,0.0001,1.5
-0.4571,-0.4571,430.643,-0.0025,0.05,0.0001,1.5
-0.4586,-0.4586,430.185,-0.0015,0.05,0.0001,1.5
-0.4609,-0.4609,429.724,-0.0023,0.05,0.0001,1.5
-0.4631,-0.4631,429.261,-0.0022,0.05,0.0001,1.5
-0.4652,-0.4652,428.796,-0.0021,0.05,0.0001,1.5
-0.4665,-0.4665,428.329,-0.0013,0.05,0.0001,1.5
-0.4684,-0.4684,427.861,-0.0019,0.05,0.0001,1.5
-0.4702,-0.4702,427.391,-0.0018,0.05,0.0001,1.5
-0.4719,-0.4719,426.919,-0.0017,0.05,0.0001,1.5
-0.4735,-0.4735,426.445,-0.0016,0.05,0.0001,1.5
-0.4746,-0.4746,425.971,-0.0011,0.05,0.0001,1.5
-0.476,-0.476,425.495,-0.0014,0.05,0.0001,1.5
-0.4773,-0.4773,425.017,-0.0013,0.05,0.0001,1.5
-0.4786,-0.4786,424.539,-0.0013,0.05,0.0001,1.5
-0.4794,-0.4794,424.059,-0.0008,0.05,0.0001,1.5
-0.4805,-0.4805,423.579,-0.0011,0.05,0.0001,1.5
-0.4815,-0.4815,423.097,-0.001,0.05,0.0001,1.5
-0.4825,-0.4825,422.615,-0.001,0.05,0.0001,1.5
-0.4833,-0.4833,422.131,-0.0008,0.05,0.0001,1.5
-0.4841,-0.4841,421.647,-0.0008,0.05,0.0001,1.5
-0.4848,-0.4848,421.163,-0.0007,0.05,0.0001,1.5
-0.4854,-0.4854,420.677,-0.0006,0.05,0.0001,1.5
-0.4859,-0.4859,420.191,-0.0005,0.05,0.0001,1.5
-0.4863,-0.4863,419.705,-0.0004,0.05,0.0001,1.5
-0.4869,-0.4869,419.218,-0.0006,0.05,0.0001,1.5
-0.4991,-0.4991,418.719,-0.0122,0.05,0.0001,1.5
-0.5542,-0.5542,418.165,-0.0551,0.05,0.0001,1.5
-0.6855,-0.6855,417.479,-0.1313,0.05,0.0001,1.5
-0.9046,-0.9046,416.575,-0.2191,0.05,0.0001,1.5
-0.4446,-0.4446,416.13,0.46,0.05,0.0001,1.5
-0.3965,-0.3965,415.734,0.0481,0.05,0.0001,1.5
-0.3385,-0.3385,415.395,0.058,0.05,0.0001,1.5
-0.2889,-0.2889,415.106,0.0496,0.05,0.0001,1.5
-0.2443,-0.2443,414.862,0.0446,0.05,0.0001,1.5
-0.2058,-0.2058,414.656,0.0385,0.05,0.0001,1.5
-0.1738,-0.1738,414.482,0.032,0.05,0.0001,1.5
-0.1486,-0.1486,414.334,0.0252,0.05,0.0001,1.5
-0.1302,-0.1302,414.203,0.0184,0.05,0.0001,1.5
-0.1184,-0.1184,414.085,0.0118,0.05,0.0001,1.5
-0.1128,-0.1128,413.972,0.0056,0.05,0.0001,1.5
-0.1123,-0.1123,413.86,0.0005,0.05,0.0001,1.5
-0.1156,-0.1156,413.744,-0.0033,0.05,0.0001,1.5
-0.1232,-0.1232,413.621,-0.0076,0.05,0.0001,1.5
-0.1345,-0.1345,413.487,-0.0113,0.05,0.0001,1.5
-0.1488,-0.1488,413.338,-0.0143,0.05,0.0001,1.5
-0.1654,-0.1654,413.172,-0.0166,0.05,0.0001,1.5
-0.1834,-0.1834,412.989,-0.018,0.05,0.0001,1.5
-0.196,-0.196,412.793,-0.0126,0.05,0.0001,1.5
-0.2153,-0.2153,412.578,-0.0193,0.05,0.0001,1.5
-0.2348,-0.2348,412.343,-0.0195,0.05,0.0001,1.5
-0.2545,-0.2545,412.088,-0.0197,0.05,0.0001,1.5
-0.274,-0.274,411.814,-0.0195,0.05,0.0001,1.5
-0.292,-0.292,411.522,-0.018,0.05,0.0001,1.5
-0.3031,-0.3031,411.219,-0.0111,0.05,0.0001,1.5
-0.3183,-0.3183,410.901,-0.0152,0.05,0.0001,1.5
-0.3322,-0.3322,410.569,-0.0139,0.05,0.0001,1.5
-0.3446,-0.3446,410.224,-0.0124,0.05,0.0001,1.5
-0.3554,-0.3554,409.869,-0.0108,0.05,0.0001,1.5
-0.3649,-0.3649,409.504,-0.0095,0.05,0.0001,1.5
-0.3703,-0.3703,409.134,-0.0054,0.05,0.0001,1.5
-0.3744,-0.3744,408.759,-0.0041,0.05,0.0001,1.5
-0.3421,-0.3421,408.417,0.0323,0.05,0.0001,1.5
-0.271,-0.271,408.146,0.0711,0.05,0.0001,1.5
-0.1954,-0.1954,407.951,0.0756,0.05,0.0001,1.5
-0.1262,-0.1262,407.825,0.0692,0.05,0.0001,1.5
-0.0663,-0.0663,407.758,0.0599,0.05,0.0001,1.5
-0.017,-0.017,407.741,0.0493,0.05,0.0001,1.5
0.0099,0.0099,407.751,0.0269,0.05,0.0001,1.5
0.0415,0.0415,407.793,0.0316,0.05,0.0001,1.5
0.0574,0.0574,407.85,0.0159,0.05,0.0001,1.5
0.0735,0.0735,407.924,0.0161,0.05,0.0001,1.5
0.0812,0.0812,408.005,0.0077,0.05,0.0001,1.5
0.0812,0.0812,408.086,0,0.05,0.0001,1.5
0.0739,0.0739,408.16,-0.0073,0.05,0.0001,1.5
0.0605,0.0605,408.22,-0.0134,0.05,0.0001,1.5
0.0421,0.0421,408.262,-0.0184,0.05,0.0001,1.5
0.0275,0.0275,408.29,-0.0146,0.05,0.0001,1.5
0.0032,0.0032,408.293,-0.0243,0.05,0.0001,1.5
-0.0236,-0.0236,408.27,-0.0268,0.05,0.0001,1.5
-0.0513,-0.0513,408.218,-0.0277,0.05,0.0001,1.5
-0.0446,-0.0446,408.174,0.0067,0.05,0.0001,1.5
0.011,0.011,408.185,0.0556,0.05,0.0001,1.5
0.0756,0.0756,408.26,0.0646,0.05,0.0001,1.5
0.134,0.134,408.394,0.0584,0.05,0.0001,1.5
0.1676,0.1676,408.562,0.0336,0.05,0.0001,1.5
0.2095,0.2095,408.771,0.0419,0.05,0.0001,1.5
0.2419,0.2419,409.013,0.0324,0.05,0.0001,1.5
0.2646,0.2646,409.278,0.0227,0.05,0.0001,1.5
0.2774,0.2774,409.555,0.0128,0.05,0.0001,1.5
0.2806,0.2806,409.836,0.0032,0.05,0.0001,1.5
0.2753,0.2753,410.111,-0.0053,0.05,0.0001,1.5
0.2623,0.2623,410.373,-0.013,0.05,0.0001,1.5
0.2428,0.2428,410.616,-0.0195,0.05,0.0001,1.5
0.2178,0.2178,410.834,-0.025,0.05,0.0001,1.5
0.1886,0.1886,411.023,-0.0292,0.05,0.0001,1.5
0.1674,0.1674,411.19,-0.0212,0.05,0.0001,1.5
0.1338,0.1338,411.324,-0.0336,0.05,0.0001,1.5
0.0983,0.0983,411.422,-0.0355,0.05,0.0001,1.5
0.062,0.062,411.484,-0.0363,0.05,0.0001,1.5
0.0575,0.0575,411.542,-0.0045,0.05,0.0001,1.5
0.0742,0.0742,411.616,0.0167,0.05,0.0001,1.5
0.1567,0.1567,411.773,0.0825,0.05,0.0001,1.5
0.2362,0.2362,412.009,0.0795,0.05,0.0001,1.5
0.2844,0.2844,412.293,0.0482,0.05,0.0001,1.5
0.3463,0.3463,412.639,0.0619,0.05,0.0001,1.5
0.3968,0.3968,413.036,0.0505,0.05,0.0001,1.5
0.4349,0.4349,413.471,0.0381,0.05,0.0001,1.5
0.4531,0.4531,413.924,0.0182,0.05,0.0001,1.5
0.4702,0.4702,414.394,0.0171,0.05,0.0001,1.5
0.5537,0.5537,414.948,0.0835,0.05,0.0001,1.5
0.6797,0.6797,415.628,0.126,0.05,0.0001,1.5
0.8635,0.8635,416.491,0.1838,0.05,0.0001,1.5
1.0254,1.0254,417.517,0.1619,0.05,0.0001,1.5
1.1574,1.1574,418.674,0.132,0.05,0.0001,1.5
1.2564,1.2564,419.931,0.099,0.05,0.0001,1.5
1.3044,1.3044,421.235,0.048,0.05,0.0001,1.5
1.3516,1.3516,422.587,0.0472,0.05,0.0001,1.5
1.3723,1.3723,423.959,0.0207,0.05,0.0001,1.5
1.3684,1.3684,425.327,-0.0039,0.05,0.0001,1.5
1.3533,1.3533,426.681,-0.0151,0.05,0.0001,1.5
1.3149,1.3149,427.995,-0.0384,0.05,0.0001,1.5
1.2601,1.2601,429.256,-0.0548,0.05,0.0001,1.5
1.2775,1.2775,430.533,0.0174,0.05,0.0001,1.5
1.4178,1.4178,431.951,0.1403,0.05,0.0001,1.5
1.5589,1.5589,433.51,0.1411,0.05,0.0001,1.5
1.676,1.676,435.186,0.1171,0.05,0.0001,1.5
1.7625,1.7625,436.948,0.0865,0.05,0.0001,1.5
1.8029,1.8029,438.751,0.0404,0.05,0.0001,1.5
1.8397,1.8397,440.591,0.0368,0.05,0.0001,1.5
1.8505,1.8505,442.441,0.0108,0.05,0.0001,1.5
1.8633,1.8633,444.305,0.0128,0.05,0.0001,1.5
2.0026,2.0026,446.307,0.1393,0.05,0.0001,1.5
2.2655,2.2655,448.573,0.2629,0.05,0.0001,1.5
2.5207,2.5207,451.093,0.2552,0.05,0.0001,1.5
2.7314,2.7314,453.825,0.2107,0.05,0.0001,1.5
2.8901,2.8901,456.715,0.1587,0.05,0.0001,1.5
2.967,2.967,459.682,0.0769,0.05,0.0001,1.5
3.0421,3.0421,462.724,0.0751,0.05,0.0001,1.5
3.0742,3.0742,465.798,0.0321,0.05,0.0001,1.5
3.0664,3.0664,468.865,-0.0078,0.05,0.0001,1.5
3.0219,3.0219,471.887,-0.0445,0.05,0.0001,1.5
2.9458,2.9458,474.832,-0.0761,0.05,0.0001,1.5
2.8559,2.8559,477.688,-0.0899,0.05,0.0001,1.5
2.8462,2.8462,480.534,-0.0097,0.05,0.0001,1.5
2.912,2.912,483.446,0.0658,0.05,0.0001,1.5
2.9845,2.9845,486.431,0.0725,0.05,0.0001,1.5
3.0308,3.0308,489.462,0.0463,0.05,0.0001,1.5
3.0467,3.0467,492.508,0.0159,0.05,0.0001,1.5
3.0331,3.0331,495.542,-0.0136,0.05,0.0001,1.5
3.0108,3.0108,498.552,-0.0223,0.05,0.0001,1.5
2.959,2.959,501.511,-0.0518,0.05,0.0001,1.5
2.8822,2.8822,504.394,-0.0768,0.05,0.0001,1.5
2.7837,2.7837,507.177,-0.0985,0.05,0.0001,1.5
2.7327,2.7327,509.91,-0.051,0.05,0.0001,1.5
2.7746,2.7746,512.685,0.0419,0.05,0.0001,1.5
2.8253,2.8253,515.51,0.0507,0.05,0.0001,1.5
2.8548,2.8548,518.365,0.0295,0.05,0.0001,1.5
2.8584,2.8584,521.223,0.0036,0.05,0.0001,1.5
2.8364,2.8364,524.059,-0.022,0.05,0.0001,1.5
2.7907,2.7907,526.85,-0.0457,0.05,0.0001,1.5
2.7483,2.7483,529.598,-0.0424,0.05,0.0001,1.5
2.6697,2.6697,532.268,-0.0786,0.05,0.0001,1.5
2.5739,2.5739,534.842,-0.0958,0.05,0.0001,1.5
2.464,2.464,537.306,-0.1099,0.05,0.0001,1.5
2.3847,2.3847,539.691,-0.0793,0.05,0.0001,1.5
2.2605,2.2605,541.951,-0.1242,0.05,0.0001,1.5
2.2051,2.2051,544.156,-0.0554,0.05,0.0001,1.5
2.2368,2.2368,546.393,0.0317,0.05,0.0001,1.5
2.2905,2.2905,548.684,0.0537,0.05,0.0001,1.5
2.3299,2.3299,551.014,0.0394,0.05,0.0001,1.5
2.3489,2.3489,553.362,0.019,0.05,0.0001,1.5
2.3463,2.3463,555.709,-0.0026,0.05,0.0001,1.5
2.3231,2.3231,558.032,-0.0232,0.05,0.0001,1.5
2.2804,2.2804,560.312,-0.0427,0.05,0.0001,1.5
2.2201,2.2201,562.532,-0.0603,0.05,0.0001,1.5
2.1443,2.1443,564.677,-0.0758,0.05,0.0001,1.5
2.0555,2.0555,566.732,-0.0888,0.05,0.0001,1.5
1.956,1.956,568.688,-0.0995,0.05,0.0001,1.5
1.853,1.853,570.541,-0.103,0.05,0.0001,1.5
1.7674,1.7674,572.309,-0.0856,0.05,0.0001,1.5
1.6867,1.6867,573.995,-0.0807,0.05,0.0001,1.5
1.603,1.603,575.598,-0.0837,0.05,0.0001,1.5
1.5162,1.5162,577.114,-0.0868,0.05,0.0001,1.5
1.4273,1.4273,578.542,-0.0889,0.05,0.0001,1.5
1.3371,1.3371,579.879,-0.0902,0.05,0.0001,1.5
1.2469,1.2469,581.126,-0.0902,0.05,0.0001,1.5
1.1573,1.1573,582.283,-0.0896,0.05,0.0001,1.5
1.0694,1.0694,583.352,-0.0879,0.05,0.0001,1.5
0.9836,0.9836,584.336,-0.0858,0.05,0.0001,1.5
0.928,0.928,585.264,-0.0556,0.05,0.0001,1.5
0.8472,0.8472,586.111,-0.0808,0.05,0.0001,1.5
0.8649,0.8649,586.976,0.0177,0.05,0.0001,1.5
0.8116,0.8116,587.788,-0.0533,0.05,0.0001,1.5
0.8414,0.8414,588.629,0.0298,0.05,0.0001,1.5
0.877,0.877,589.506,0.0356,0.05,0.0001,1.5
0.9066,0.9066,590.413,0.0296,0.05,0.0001,1.5
0.9259,0.9259,591.339,0.0193,0.05,0.0001,1.5
0.9339,0.9339,592.272,0.008,0.05,0.0001,1.5
0.9302,0.9302,593.203,-0.0037,0.05,0.0001,1.5
0.9152,0.9152,594.118,-0.015,0.05,0.0001,1.5
0.8895,0.8895,595.007,-0.0257,0.05,0.0001,1.5
0.8539,0.8539,595.861,-0.0356,0.05,0.0001,1.5
0.8097,0.8097,596.671,-0.0442,0.05,0.0001,1.5
0.7582,0.7582,597.429,-0.0515,0.05,0.0001,1.5
0.7007,0.7007,598.13,-0.0575,0.05,0.0001,1.5
0.6387,0.6387,598.769,-0.062,0.05,0.0001,1.5
0.5737,0.5737,599.342,-0.065,0.05,0.0001,1.5
0.5069,0.5069,599.849,-0.0668,0.05,0.0001,1.5
0.4396,0.4396,600.289,-0.0673,0.05,0.0001,1.5
0.395,0.395,600.684,-0.0446,0.05,0.0001,1.5
0.3076,0.3076,600.991,-0.0874,0.05,0.0001,1.5
0.2432,0.2432,601.235,-0.0644,0.05,0.0001,1.5
0.2019,0.2019,601.436,-0.0413,0.05,0.0001,1.5
0.143,0.143,601.579,-0.0589,0.05,0.0001,1.5
0.0863,0.0863,601.666,-0.0567,0.05,0.0001,1.5
0.0325,0.0325,601.698,-0.0538,0.05,0.0001,1.5
-0.0177,-0.0177,601.681,-0.0502,0.05,0.0001,1.5
-0.0641,-0.0641,601.616,-0.0464,0.05,0.0001,1.5
-0.1067,-0.1067,601.51,-0.0426,0.05,0.0001,1.5
-0.1455,-0.1455,601.364,-0.0388,0.05,0.0001,1.5
-0.1693,-0.1693,601.195,-0.0238,0.05,0.0001,1.5
-0.2125,-0.2125,600.982,-0.0432,0.05,0.0001,1.5
-0.2324,-0.2324,600.75,-0.0199,0.05,0.0001,1.5
-0.2594,-0.2594,600.491,-0.027,0.05,0.0001,1.5
-0.2841,-0.2841,600.207,-0.0247,0.05,0.0001,1.5
-0.3069,-0.3069,599.9,-0.0228,0.05,0.0001,1.5
-0.3277,-0.3277,599.572,-0.0208,0.05,0.0001,1.5
-0.3468,-0.3468,599.225,-0.0191,0.05,0.0001,1.5
-0.3673,-0.3673,598.858,-0.0205,0.05,0.0001,1.5
-0.3771,-0.3771,598.481,-0.0098,0.05,0.0001,1.5
-0.382,-0.382,598.099,-0.0049,0.05,0.0001,1.5
-0.3896,-0.3896,597.709,-0.0076,0.05,0.0001,1.5
-0.3974,-0.3974,597.312,-0.0078,0.05,0.0001,1.5
-0.4057,-0.4057,596.906,-0.0083,0.05,0.0001,1.5
-0.4146,-0.4146,596.491,-0.0089,0.05,0.0001,1.5
-0.4209,-0.4209,596.071,-0.0063,0.05,0.0001,1.5
-0.4309,-0.4309,595.64,-0.01,0.05,0.0001,1.5
-0.4417,-0.4417,595.198,-0.0108,0.05,0.0001,1.5
-0.4534,-0.4534,594.745,-0.0117,0.05,0.0001,1.5
-0.4657,-0.4657,594.279,-0.0123,0.05,0.0001,1.5
-0.4742,-0.4742,593.805,-0.0085,0.05,0.0001,1.5
-0.4872,-0.4872,593.318,-0.013,0.05,0.0001,1.5
-0.5008,-0.5008,592.817,-0.0136,0.05,0.0001,1.5
-0.5101,-0.5101,592.307,-0.0093,0.05,0.0001,1.5
-0.524,-0.524,591.783,-0.0139,0.05,0.0001,1.5
-0.5382,-0.5382,591.244,-0.0142,0.05,0.0001,1.5
-0.5524,-0.5524,590.692,-0.0142,0.05,0.0001,1.5
-0.5617,-0.5617,590.13,-0.0093,0.05,0.0001,1.5
-0.5753,-0.5753,589.555,-0.0136,0.05,0.0001,1.5
-0.5887,-0.5887,588.966,-0.0134,0.05,0.0001,1.5
-0.6017,-0.6017,588.365,-0.013,0.05,0.0001,1.5
-0.61,-0.61,587.755,-0.0083,0.05,0.0001,1.5
-0.6219,-0.6219,587.133,-0.0119,0.05,0.0001,1.5
-0.6333,-0.6333,586.499,-0.0114,0.05,0.0001,1.5
-0.6442,-0.6442,585.855,-0.0109,0.05,0.0001,1.5
-0.651,-0.651,585.204,-0.0068,0.05,0.0001,1.5
-0.6606,-0.6606,584.544,-0.0096,0.05,0.0001,1.5
-0.6696,-0.6696,583.874,-0.009,0.05,0.0001,1.5
-0.6816,-0.6816,583.192,-0.012,0.05,0.0001,1.5
-0.7568,-0.7568,582.436,-0.0752,0.05,0.0001,1.5
-0.8443,-0.8443,581.591,-0.0875,0.05,0.0001,1.5
-0.9373,-0.9373,580.654,-0.093,0.05,0.0001,1.5
-1.0685,-1.0685,579.586,-0.1312,0.05,0.0001,1.5
-1.1878,-1.1878,578.398,-0.1193,0.05,0.0001,1.5
-1.2583,-1.2583,577.139,-0.0705,0.05,0.0001,1.5
-1.3483,-1.3483,575.791,-0.09,0.05,0.0001,1.5
-1.4216,-1.4216,574.37,-0.0733,0.05,0.0001,1.5
-1.4776,-1.4776,572.892,-0.056,0.05,0.0001,1.5
-1.505,-1.505,571.387,-0.0274,0.05,0.0001,1.5
-1.5326,-1.5326,569.854,-0.0276,0.05,0.0001,1.5
-1.5819,-1.5819,568.272,-0.0493,0.05,0.0001,1.5
-1.6993,-1.6993,566.573,-0.1174,0.05,0.0001,1.5
-1.8902,-1.8902,564.683,-0.1909,0.05,0.0001,1.5
-2.0613,-2.0613,562.622,-0.1711,0.05,0.0001,1.5
-2.2031,-2.2031,560.419,-0.1418,0.05,0.0001,1.5
-2.2792,-2.2792,558.139,-0.0761,0.05,0.0001,1.5
-2.3956,-2.3956,555.744,-0.1164,0.05,0.0001,1.5
-2.4374,-2.4374,553.306,-0.0418,0.05,0.0001,1.5
-2.47,-2.47,550.836,-0.0326,0.05,0.0001,1.5
-2.498,-2.498,548.338,-0.028,0.05,0.0001,1.5
-2.5033,-2.5033,545.835,-0.0053,0.05,0.0001,1.5
-2.4871,-2.4871,543.348,0.0162,0.05,0.0001,1.5
-2.4655,-2.4655,540.882,0.0216,0.05,0.0001,1.5
-2.4198,-2.4198,538.463,0.0457,0.05,0.0001,1.5
-2.3815,-2.3815,536.081,0.0383,0.05,0.0001,1.5
-2.4293,-2.4293,533.652,-0.0478,0.05,0.0001,1.5
-2.4991,-2.4991,531.153,-0.0698,0.05,0.0001,1.5
-2.7205,-2.7205,528.432,-0.2214,0.05,0.0001,1.5
-2.9243,-2.9243,525.508,-0.2038,0.05,0.0001,1.5
-3.043,-3.043,522.465,-0.1187,0.05,0.0001,1.5
-3.1874,-3.1874,519.278,-0.1444,0.05,0.0001,1.5
-3.2958,-3.2958,515.982,-0.1084,0.05,0.0001,1.5
-3.348,-3.348,512.634,-0.0522,0.05,0.0001,1.5
-3.4036,-3.4036,509.23,-0.0556,0.05,0.0001,1.5
-3.4297,-3.4297,505.8,-0.0261,0.05,0.0001,1.5
-3.3569,-3.3569,502.444,0.0728,0.05,0.0001,1.5
-3.6498,-3.6498,498.794,-0.2929,0.05,0.0001,1.5
-3.8067,-3.8067,494.987,-0.1569,0.05,0.0001,1.5
-4.074,-4.074,490.913,-0.2673,0.05,0.0001,1.5
-4.2076,-4.2076,486.705,-0.1336,0.05,0.0001,1.5
-4.2773,-4.2773,482.428,-0.0697,0.05,0.0001,1.5
-4.2884,-4.2884,478.14,-0.0111,0.05,0.0001,1.5
-4.2657,-4.2657,473.874,0.0227,0.05,0.0001,1.5
-4.2271,-4.2271,469.647,0.0386,0.05,0.0001,1.5
-4.1646,-4.1646,465.482,0.0625,0.05,0.0001,1.5
-4.0156,-4.0156,461.467,0.149,0.05,0.0001,1.5
-3.9181,-3.9181,457.549,0.0975,0.05,0.0001,1.5
-3.9339,-3.9339,453.615,-0.0158,0.05,0.0001,1.5
-4.0165,-4.0165,449.598,-0.0826,0.05,0.0001,1.5
-4.0682,-4.0682,445.53,-0.0517,0.05,0.0001,1.5
-4.1214,-4.1214,441.409,-0.0532,0.05,0.0001,1.5
-4.1441,-4.1441,437.265,-0.0227,0.05,0.0001,1.5
-4.1373,-4.1373,433.127,0.0068,0.05,0.0001,1.5
-4.118,-4.118,429.009,0.0193,0.05,0.0001,1.5
-4.0702,-4.0702,424.939,0.0478,0.05,0.0001,1.5
-4.0008,-4.0008,420.938,0.0694,0.05,0.0001,1.5
-3.9437,-3.9437,416.995,0.0571,0.05,0.0001,1.5
-3.845,-3.845,413.15,0.0987,0.05,0.0001,1.5
-3.7318,-3.7318,409.418,0.1132,0.05,0.0001,1.5
-3.6259,-3.6259,405.792,0.1059,0.05,0.0001,1.5
-3.5847,-3.5847,402.207,0.0412,0.05,0.0001,1.5
-3.5702,-3.5702,398.637,0.0145,0.05,0.0001,1.5
-3.5569,-3.5569,395.08,0.0133,0.05,0.0001,1.5
-3.5293,-3.5293,391.551,0.0276,0.05,0.0001,1.5
-3.4937,-3.4937,388.057,0.0356,0.05,0.0001,1.5
-3.4655,-3.4655,384.592,0.0282,0.05,0.0001,1.5
-3.4165,-3.4165,381.175,0.049,0.05,0.0001,1.5
-3.3581,-3.3581,377.817,0.0584,0.05,0.0001,1.5
-3.2906,-3.2906,374.526,0.0675,0.05,0.0001,1.5
-3.2409,-3.2409,371.285,0.0497,0.05,0.0001,1.5
-3.1683,-3.1683,368.117,0.0726,0.05,0.0001,1.5
-3.1454,-3.1454,364.972,0.0229,0.05,0.0001,1.5
-3.1573,-3.1573,361.814,-0.0119,0.05,0.0001,1.5
-3.1604,-3.1604,358.654,-0.0031,0.05,0.0001,1.5
-3.1482,-3.1482,355.506,0.0122,0.05,0.0001,1.5
-3.1215,-3.1215,352.384,0.0267,0.05,0.0001,1.5
-3.0806,-3.0806,349.304,0.0409,0.05,0.0001,1.5
-3.0265,-3.0265,346.277,0.0541,0.05,0.0001,1.5
-2.9838,-2.9838,343.293,0.0427,0.05,0.0001,1.5
-2.9115,-2.9115,340.382,0.0723,0.05,0.0001,1.5
-2.8293,-2.8293,337.553,0.0822,0.05,0.0001,1.5
-2.759,-2.759,334.794,0.0703,0.05,0.0001,1.5
-2.7257,-2.7257,332.068,0.0333,0.05,0.0001,1.5
-2.6787,-2.6787,329.389,0.047,0.05,0.0001,1.5
-2.6249,-2.6249,326.764,0.0538,0.05,0.0001,1.5
-2.5643,-2.5643,324.2,0.0606,0.05,0.0001,1.5
-2.498,-2.498,321.702,0.0663,0.05,0.0001,1.5
-2.4512,-2.4512,319.251,0.0468,0.05,0.0001,1.5
-2.3779,-2.3779,316.873,0.0733,0.05,0.0001,1.5
-2.3002,-2.3002,314.573,0.0777,0.05,0.0001,1.5
-2.2195,-2.2195,312.353,0.0807,0.05,0.0001,1.5
-2.1374,-2.1374,310.216,0.0821,0.05,0.0001,1.5
-2.0825,-2.0825,308.133,0.0549,0.05,0.0001,1.5
-2.0007,-2.0007,306.133,0.0818,0.05,0.0001,1.5
-1.9184,-1.9184,304.214,0.0823,0.05,0.0001,1.5
-1.8639,-1.8639,302.35,0.0545,0.05,0.0001,1.5
-1.7841,-1.7841,300.566,0.0798,0.05,0.0001,1.5
-1.7053,-1.7053,298.861,0.0788,0.05,0.0001,1.5
-1.6288,-1.6288,297.232,0.0765,0.05,0.0001,1.5
-1.5796,-1.5796,295.653,0.0492,0.05,0.0001,1.5
-1.5091,-1.5091,294.143,0.0705,0.05,0.0001,1.5
-1.4412,-1.4412,292.702,0.0679,0.05,0.0001,1.5
-1.379,-1.379,291.323,0.0622,0.05,0.0001,1.5
-1.342,-1.342,289.981,0.037,0.05,0.0001,1.5
-1.2919,-1.2919,288.689,0.0501,0.05,0.0001,1.5
-1.2446,-1.2446,287.445,0.0473,0.05,0.0001,1.5
-1.2146,-1.2146,286.23,0.03,0.05,0.0001,1.5
-1.1722,-1.1722,285.058,0.0424,0.05,0.0001,1.5
-1.132,-1.132,283.926,0.0402,0.05,0.0001,1.5
-1.0938,-1.0938,282.832,0.0382,0.05,0.0001,1.5
-1.058,-1.058,281.774,0.0358,0.05,0.0001,1.5
-1.0244,-1.0244,280.75,0.0336,0.05,0.0001,1.5
-0.9928,-0.9928,279.757,0.0316,0.05,0.0001,1.5
-0.9629,-0.9629,278.794,0.0299,0.05,0.0001,1.5
-0.9439,-0.9439,277.85,0.019,0.05,0.0001,1.5
-0.9166,-0.9166,276.934,0.0273,0.05,0.0001,1.5
-0.89,-0.89,276.044,0.0266,0.05,0.0001,1.5
-0.8642,-0.8642,275.179,0.0258,0.05,0.0001,1.5
-0.8474,-0.8474,274.332,0.0168,0.05,0.0001,1.5
-0.8231,-0.8231,273.509,0.0243,0.05,0.0001,1.5
-0.799,-0.799,272.71,0.0241,0.05,0.0001,1.5
-0.7805,-0.7805,271.929,0.0185,0.05,0.0001,1.5
-0.7315,-0.7315,271.198,0.049,0.05,0.0001,1.5
-0.6582,-0.6582,270.54,0.0733,0.05,0.0001,1.5
-0.5842,-0.5842,269.955,0.074,0.05,0.0001,1.5
-0.5376,-0.5376,269.418,0.0466,0.05,0.0001,1.5
-0.4738,-0.4738,268.944,0.0638,0.05,0.0001,1.5
-0.4161,-0.4161,268.528,0.0577,0.05,0.0001,1.5
-0.3654,-0.3654,268.163,0.0507,0.05,0.0001,1.5
-0.3359,-0.3359,267.827,0.0295,0.05,0.0001,1.5
-0.298,-0.298,267.529,0.0379,0.05,0.0001,1.5
-0.2764,-0.2764,267.252,0.0216,0.05,0.0001,1.5
-0.2494,-0.2494,267.003,0.027,0.05,0.0001,1.5
-0.2281,-0.2281,266.775,0.0213,0.05,0.0001,1.5
-0.2169,-0.2169,266.558,0.0112,0.05,0.0001,1.5
-0.2045,-0.2045,266.353,0.0124,0.05,0.0001,1.5
-0.1963,-0.1963,266.157,0.0082,0.05,0.0001,1.5
-0.1919,-0.1919,265.965,0.0044,0.05,0.0001,1.5
-0.1908,-0.1908,265.774,0.0011,0.05,0.0001,1.5
-0.1914,-0.1914,265.583,-0.0006,0.05,0.0001,1.5
-0.1931,-0.1931,265.39,-0.0017,0.05,0.0001,1.5
-0.1969,-0.1969,265.193,-0.0038,0.05,0.0001,1.5
-0.202,-0.202,264.991,-0.0051,0.05,0.0001,1.5
-0.208,-0.208,264.783,-0.006,0.05,0.0001,1.5
-0.2121,-0.2121,264.571,-0.0041,0.05,0.0001,1.5
-0.2184,-0.2184,264.352,-0.0063,0.05,0.0001,1.5
-0.2246,-0.2246,264.128,-0.0062,0.05,0.0001,1.5
-0.2303,-0.2303,263.898,-0.0057,0.05,0.0001,1.5
-0.2338,-0.2338,263.664,-0.0035,0.05,0.0001,1.5
-0.2384,-0.2384,263.425,-0.0046,0.05,0.0001,1.5
-0.2423,-0.2423,263.183,-0.0039,0.05,0.0001,1.5
-0.2444,-0.2444,262.939,-0.0021,0.05,0.0001,1.5
-0.2467,-0.2467,262.692,-0.0023,0.05,0.0001,1.5
-0.2463,-0.2463,262.446,0.0004,0.05,0.0001,1.5
-0.2174,-0.2174,262.228,0.0289,0.05,0.0001,1.5
-0.126,-0.126,262.102,0.0914,0.05,0.0001,1.5
0.0195,0.0195,262.122,0.1455,0.05,0.0001,1.5
0.1577,0.1577,262.279,0.1382,0.05,0.0001,1.5
0.2805,0.2805,262.56,0.1228,0.05,0.0001,1.5
0.3518,0.3518,262.912,0.0713,0.05,0.0001,1.5
0.4425,0.4425,263.354,0.0907,0.05,0.0001,1.5
0.4932,0.4932,263.847,0.0507,0.05,0.0001,1.5
0.5544,0.5544,264.402,0.0612,0.05,0.0001,1.5
0.5991,0.5991,265.001,0.0447,0.05,0.0001,1.5
0.6277,0.6277,265.629,0.0286,0.05,0.0001,1.5
0.6379,0.6379,266.267,0.0102,0.05,0.0001,1.5
0.6416,0.6416,266.908,0.0037,0.05,0.0001,1.5
0.6331,0.6331,267.541,-0.0085,0.05,0.0001,1.5
0.6227,0.6227,268.164,-0.0104,0.05,0.0001,1.5
0.6819,0.6819,268.846,0.0592,0.05,0.0001,1.5
0.8225,0.8225,269.668,0.1406,0.05,0.0001,1.5
0.9185,0.9185,270.587,0.096,0.05,0.0001,1.5
1.044,1.044,271.631,0.1255,0.05,0.0001,1.5
1.1474,1.1474,272.778,0.1034,0.05,0.0001,1.5
1.2031,1.2031,273.981,0.0557,0.05,0.0001,1.5
1.2661,1.2661,275.247,0.063,0.05,0.0001,1.5
1.307,1.307,276.554,0.0409,0.05,0.0001,1.5
1.3225,1.3225,277.877,0.0155,0.05,0.0001,1.5
1.3288,1.3288,279.206,0.0063,0.05,0.0001,1.5
1.3172,1.3172,280.523,-0.0116,0.05,0.0001,1.5
1.3006,1.3006,281.824,-0.0166,0.05,0.0001,1.5
1.2641,1.2641,283.088,-0.0365,0.05,0.0001,1.5
1.2155,1.2155,284.303,-0.0486,0.05,0.0001,1.5
1.1775,1.1775,285.481,-0.038,0.05,0.0001,1.5
1.1148,1.1148,286.595,-0.0627,0.05,0.0001,1.5
1.0458,1.0458,287.641,-0.069,0.05,0.0001,1.5
0.9727,0.9727,288.614,-0.0731,0.05,0.0001,1.5
0.9231,0.9231,289.537,-0.0496,0.05,0.0001,1.5
0.891,0.891,290.428,-0.0321,0.05,0.0001,1.5
1.0359,1.0359,291.464,0.1449,0.05,0.0001,1.5
1.2225,1.2225,292.686,0.1866,0.05,0.0001,1.5
1.5767,1.5767,294.263,0.3542,0.05,0.0001,1.5
1.9114,1.9114,296.175,0.3347,0.05,0.0001,1.5
2.2054,2.2054,298.38,0.294,0.05,0.0001,1.5
2.3728,2.3728,300.753,0.1674,0.05,0.0001,1.5
2.579,2.579,303.332,0.2062,0.05,0.0001,1.5
2.7374,2.7374,306.069,0.1584,0.05,0.0001,1.5
2.8475,2.8475,308.917,0.1101,0.05,0.0001,1.5
2.9091,2.9091,311.826,0.0616,0.05,0.0001,1.5
2.9251,2.9251,314.751,0.016,0.05,0.0001,1.5
2.916,2.916,317.667,-0.0091,0.05,0.0001,1.5
2.8721,2.8721,320.539,-0.0439,0.05,0.0001,1.5
2.826,2.826,323.365,-0.0461,0.05,0.0001,1.5
2.7363,2.7363,326.101,-0.0897,0.05,0.0001,1.5
2.6247,2.6247,328.726,-0.1116,0.05,0.0001,1.5
2.4967,2.4967,331.223,-0.128,0.05,0.0001,1.5
2.4052,2.4052,333.628,-0.0915,0.05,0.0001,1.5
2.2627,2.2627,335.891,-0.1425,0.05,0.0001,1.5
2.1139,2.1139,338.004,-0.1488,0.05,0.0001,1.5
2.0133,2.0133,340.018,-0.1006,0.05,0.0001,1.5
1.8645,1.8645,341.882,-0.1488,0.05,0.0001,1.5
1.717,1.717,343.599,-0.1475,0.05,0.0001,1.5
1.624,1.624,345.223,-0.093,0.05,0.0001,1.5
1.6134,1.6134,346.837,-0.0106,0.05,0.0001,1.5
1.7535,1.7535,348.59,0.1401,0.05,0.0001,1.5
2.012,2.012,350.602,0.2585,0.05,0.0001,1.5
2.2351,2.2351,352.837,0.2231,0.05,0.0001,1.5
2.5436,2.5436,355.381,0.3085,0.05,0.0001,1.5
2.7304,2.7304,358.111,0.1868,0.05,0.0001,1.5
2.9726,2.9726,361.084,0.2422,0.05,0.0001,1.5
3.1676,3.1676,364.251,0.195,0.05,0.0001,1.5
3.3123,3.3123,367.564,0.1447,0.05,0.0001,1.5
3.3798,3.3798,370.944,0.0675,0.05,0.0001,1.5
3.4409,3.4409,374.384,0.0611,0.05,0.0001,1.5
3.459,3.459,377.843,0.0181,0.05,0.0001,1.5
3.4374,3.4374,381.281,-0.0216,0.05,0.0001,1.5
3.3796,3.3796,384.66,-0.0578,0.05,0.0001,1.5
3.3237,3.3237,387.984,-0.0559,0.05,0.0001,1.5
3.2189,3.2189,391.203,-0.1048,0.05,0.0001,1.5
3.0916,3.0916,394.295,-0.1273,0.05,0.0001,1.5
2.9473,2.9473,397.242,-0.1443,0.05,0.0001,1.5
2.8447,2.8447,400.087,-0.1026,0.05,0.0001,1.5
2.6849,2.6849,402.772,-0.1598,0.05,0.0001,1.5
2.5181,2.5181,405.29,-0.1668,0.05,0.0001,1.5
2.4051,2.4051,407.695,-0.113,0.05,0.0001,1.5
2.2373,2.2373,409.932,-0.1678,0.05,0.0001,1.5
2.07,2.07,412.002,-0.1673,0.05,0.0001,1.5
1.9067,1.9067,413.909,-0.1633,0.05,0.0001,1.5
1.7716,1.7716,415.68,-0.1351,0.05,0.0001,1.5
1.74,1.74,417.42,-0.0316,0.05,0.0001,1.5
1.7514,1.7514,419.172,0.0114,0.05,0.0001,1.5
1.815,1.815,420.987,0.0636,0.05,0.0001,1.5
1.873,1.873,422.86,0.058,0.05,0.0001,1.5
1.9049,1.9049,424.765,0.0319,0.05,0.0001,1.5
1.9399,1.9399,426.705,0.035,0.05,0.0001,1.5
1.9597,1.9597,428.664,0.0198,0.05,0.0001,1.5
1.9637,1.9637,430.628,0.004,0.05,0.0001,1.5
1.9515,1.9515,432.579,-0.0122,0.05,0.0001,1.5
1.9348,1.9348,434.514,-0.0167,0.05,0.0001,1.5
1.8981,1.8981,436.412,-0.0367,0.05,0.0001,1.5
1.8479,1.8479,438.26,-0.0502,0.05,0.0001,1.5
1.8077,1.8077,440.068,-0.0402,0.05,0.0001,1.5
1.7393,1.7393,441.807,-0.0684,0.05,0.0001,1.5
1.6638,1.6638,443.471,-0.0755,0.05,0.0001,1.5
1.659,1.659,445.13,-0.0048,0.05,0.0001,1.5
1.7089,1.7089,446.839,0.0499,0.05,0.0001,1.5
1.8114,1.8114,448.65,0.1025,0.05,0.0001,1.5
1.9025,1.9025,450.553,0.0911,0.05,0.0001,1.5
1.9714,1.9714,452.524,0.0689,0.05,0.0001,1.5
2.0153,2.0153,454.54,0.0439,0.05,0.0001,1.5
2.0345,2.0345,456.574,0.0192,0.05,0.0001,1.5
2.0342,2.0342,458.608,-0.0003,0.05,0.0001,1.5
2.0163,2.0163,460.625,-0.0179,0.05,0.0001,1.5
1.9789,1.9789,462.603,-0.0374,0.05,0.0001,1.5
1.924,1.924,464.527,-0.0549,0.05,0.0001,1.5
1.8542,1.8542,466.382,-0.0698,0.05,0.0001,1.5
1.8008,1.8008,468.182,-0.0534,0.05,0.0001,1.5
1.7129,1.7129,469.895,-0.0879,0.05,0.0001,1.5
1.616,1.616,471.511,-0.0969,0.05,0.0001,1.5
1.5131,1.5131,473.024,-0.1029,0.05,0.0001,1.5
1.4073,1.4073,474.432,-0.1058,0.05,0.0001,1.5
1.3361,1.3361,475.768,-0.0712,0.05,0.0001,1.5
1.2303,1.2303,476.998,-0.1058,0.05,0.0001,1.5
1.1246,1.1246,478.123,-0.1057,0.05,0.0001,1.5
1.021,1.021,479.144,-0.1036,0.05,0.0001,1.5
0.9217,0.9217,480.065,-0.0993,0.05,0.0001,1.5
0.8486,0.8486,480.914,-0.0731,0.05,0.0001,1.5
0.8658,0.8658,481.78,0.0172,0.05,0.0001,1.5
0.9717,0.9717,482.752,0.1059,0.05,0.0001,1.5
1.0606,1.0606,483.812,0.0889,0.05,0.0001,1.5
1.1823,1.1823,484.994,0.1217,0.05,0.0001,1.5
1.2872,1.2872,486.282,0.1049,0.05,0.0001,1.5
1.371,1.371,487.653,0.0838,0.05,0.0001,1.5
1.4314,1.4314,489.084,0.0604,0.05,0.0001,1.5
1.4588,1.4588,490.543,0.0274,0.05,0.0001,1.5
1.4816,1.4816,492.024,0.0228,0.05,0.0001,1.5
1.4843,1.4843,493.509,0.0027,0.05,0.0001,1.5
1.4681,1.4681,494.977,-0.0162,0.05,0.0001,1.5
1.4344,1.4344,496.411,-0.0337,0.05,0.0001,1.5
1.4033,1.4033,497.815,-0.0311,0.05,0.0001,1.5
1.3462,1.3462,499.161,-0.0571,0.05,0.0001,1.5
1.2774,1.2774,500.438,-0.0688,0.05,0.0001,1.5
1.1437,1.1437,501.582,-0.1337,0.05,0.0001,1.5
1.0557,1.0557,502.638,-0.088,0.05,0.0001,1.5
0.9689,0.9689,503.606,-0.0868,0.05,0.0001,1.5
0.8844,0.8844,504.491,-0.0845,0.05,0.0001,1.5
0.829,0.829,505.32,-0.0554,0.05,0.0001,1.5
0.7221,0.7221,506.042,-0.1069,0.05,0.0001,1.5
0.6444,0.6444,506.686,-0.0777,0.05,0.0001,1.5
0.5715,0.5715,507.258,-0.0729,0.05,0.0001,1.5
0.5322,0.5322,507.79,-0.0393,0.05,0.0001,1.5
0.5766,0.5766,508.367,0.0444,0.05,0.0001,1.5
0.6981,0.6981,509.065,0.1215,0.05,0.0001,1.5
0.8274,0.8274,509.892,0.1293,0.05,0.0001,1.5
0.9418,0.9418,510.834,0.1144,0.05,0.0001,1.5
1.0352,1.0352,511.869,0.0934,0.05,0.0001,1.5
1.1059,1.1059,512.975,0.0707,0.05,0.0001,1.5
1.1405,1.1405,514.116,0.0346,0.05,0.0001,1.5
1.1809,1.1809,515.296,0.0404,0.05,0.0001,1.5
1.1879,1.1879,516.484,0.007,0.05,0.0001,1.5
1.1757,1.1757,517.66,-0.0122,0.05,0.0001,1.5
1.1579,1.1579,518.818,-0.0178,0.05,0.0001,1.5
1.1192,1.1192,519.937,-0.0387,0.05,0.0001,1.5
1.0675,1.0675,521.005,-0.0517,0.05,0.0001,1.5
1.0052,1.0052,522.01,-0.0623,0.05,0.0001,1.5
0.935,0.935,522.945,-0.0702,0.05,0.0001,1.5
0.8591,0.8591,523.804,-0.0759,0.05,0.0001,1.5
0.7798,0.7798,524.584,-0.0793,0.05,0.0001,1.5
0.699,0.699,525.283,-0.0808,0.05,0.0001,1.5
0.6183,0.6183,525.901,-0.0807,0.05,0.0001,1.5
0.5391,0.5391,526.44,-0.0792,0.05,0.0001,1.5
0.4627,0.4627,526.903,-0.0764,0.05,0.0001,1.5
0.3994,0.3994,527.302,-0.0633,0.05,0.0001,1.5
0.3931,0.3931,527.695,-0.0063,0.05,0.0001,1.5
0.455,0.455,528.15,0.0619,0.05,0.0001,1.5
0.5178,0.5178,528.668,0.0628,0.05,0.0001,1.5
0.5897,0.5897,529.258,0.0719,0.05,0.0001,1.5
0.6408,0.6408,529.899,0.0511,0.05,0.0001,1.5
0.6572,0.6572,530.556,0.0164,0.05,0.0001,1.5
0.6699,0.6699,531.226,0.0127,0.05,0.0001,1.5
0.6702,0.6702,531.896,0.0003,0.05,0.0001,1.5
0.6591,0.6591,532.555,-0.0111,0.05,0.0001,1.5
0.6374,0.6374,533.192,-0.0217,0.05,0.0001,1.5
0.6063,0.6063,533.799,-0.0311,0.05,0.0001,1.5
0.5705,0.5705,534.369,-0.0358,0.05,0.0001,1.5
0.5905,0.5905,534.96,0.02,0.05,0.0001,1.5
0.6278,0.6278,535.588,0.0373,0.05,0.0001,1.5
0.6764,0.6764,536.264,0.0486,0.05,0.0001,1.5
0.7134,0.7134,536.977,0.037,0.05,0.0001,1.5
0.7369,0.7369,537.714,0.0235,0.05,0.0001,1.5
0.7464,0.7464,538.461,0.0095,0.05,0.0001,1.5
0.7425,0.7425,539.203,-0.0039,0.05,0.0001,1.5
0.7264,0.7264,539.929,-0.0161,0.05,0.0001,1.5
0.6993,0.6993,540.629,-0.0271,0.05,0.0001,1.5
0.6628,0.6628,541.292,-0.0365,0.05,0.0001,1.5
0.619,0.619,541.911,-0.0438,0.05,0.0001,1.5
0.6044,0.6044,542.515,-0.0146,0.05,0.0001,1.5
0.6087,0.6087,543.124,0.0043,0.05,0.0001,1.5
0.6087,0.6087,543.732,0,0.05,0.0001,1.5
0.6021,0.6021,544.334,-0.0066,0.05,0.0001,1.5
0.5876,0.5876,544.922,-0.0145,0.05,0.0001,1.5
0.5656,0.5656,545.488,-0.022,0.05,0.0001,1.5
0.537,0.537,546.025,-0.0286,0.05,0.0001,1.5
0.5024,0.5024,546.527,-0.0346,0.05,0.0001,1.5
0.4628,0.4628,546.99,-0.0396,0.05,0.0001,1.5
0.4195,0.4195,547.409,-0.0433,0.05,0.0001,1.5
0.4195,0.4195,547.829,0,0.05,0.0001,1.5
0.4522,0.4522,548.281,0.0327,0.05,0.0001,1.5
0.4822,0.4822,548.763,0.03,0.05,0.0001,1.5
0.5093,0.5093,549.273,0.0271,0.05,0.0001,1.5
0.5181,0.5181,549.791,0.0088,0.05,0.0001,1.5
0.5181,0.5181,550.309,0,0.05,0.0001,1.5
0.5104,0.5104,550.819,-0.0077,0.05,0.0001,1.5
0.494,0.494,551.313,-0.0164,0.05,0.0001,1.5
0.4696,0.4696,551.783,-0.0244,0.05,0.0001,1.5
0.4381,0.4381,552.221,-0.0315,0.05,0.0001,1.5
0.4008,0.4008,552.622,-0.0373,0.05,0.0001,1.5
0.3586,0.3586,552.98,-0.0422,0.05,0.0001,1.5
0.3285,0.3285,553.309,-0.0301,0.05,0.0001,1.5
0.2812,0.2812,553.59,-0.0473,0.05,0.0001,1.5
0.2313,0.2313,553.821,-0.0499,0.05,0.0001,1.5
0.1801,0.1801,554.001,-0.0512,0.05,0.0001,1.5
0.1366,0.1366,554.138,-0.0435,0.05,0.0001,1.5
0.1269,0.1269,554.265,-0.0097,0.05,0.0001,1.5
0.1445,0.1445,554.409,0.0176,0.05,0.0001,1.5
0.1611,0.1611,554.571,0.0166,0.05,0.0001,1.5
0.1738,0.1738,554.744,0.0127,0.05,0.0001,1.5
0.181,0.181,554.925,0.0072,0.05,0.0001,1.5
0.1825,0.1825,555.108,0.0015,0.05,0.0001,1.5
0.1801,0.1801,555.288,-0.0024,0.05,0.0001,1.5
0.1721,0.1721,555.46,-0.008,0.05,0.0001,1.5
0.1587,0.1587,555.619,-0.0134,0.05,0.0001,1.5
0.1403,0.1403,555.759,-0.0184,0.05,0.0001,1.5
0.1477,0.1477,555.907,0.0074,0.05,0.0001,1.5
0.1631,0.1631,556.07,0.0154,0.05,0.0001,1.5
0.2034,0.2034,556.273,0.0403,0.05,0.0001,1.5
0.2371,0.2371,556.51,0.0337,0.05,0.0001,1.5
0.2617,0.2617,556.772,0.0246,0.05,0.0001,1.5
0.2761,0.2761,557.048,0.0144,0.05,0.0001,1.5
0.2805,0.2805,557.329,0.0044,0.05,0.0001,1.5
0.2781,0.2781,557.607,-0.0024,0.05,0.0001,1.5
0.2673,0.2673,557.874,-0.0108,0.05,0.0001,1.5
0.2487,0.2487,558.123,-0.0186,0.05,0.0001,1.5
0.2231,0.2231,558.346,-0.0256,0.05,0.0001,1.5
0.1916,0.1916,558.537,-0.0315,0.05,0.0001,1.5
0.168,0.168,558.705,-0.0236,0.05,0.0001,1.5
0.1296,0.1296,558.835,-0.0384,0.05,0.0001,1.5
0.0878,0.0878,558.923,-0.0418,0.05,0.0001,1.5
0.0438,0.0438,558.967,-0.044,0.05,0.0001,1.5
-0.0009,-0.0009,558.966,-0.0447,0.05,0.0001,1.5
-0.0308,-0.0308,558.935,-0.0299,0.05,0.0001,1.5
-0.0748,-0.0748,558.86,-0.044,0.05,0.0001,1.5
-0.1339,-0.1339,558.726,-0.0591,0.05,0.0001,1.5
-0.1086,-0.1086,558.618,0.0253,0.05,0.0001,1.5
-0.0925,-0.0925,558.525,0.0161,0.05,0.0001,1.5
-0.0777,-0.0777,558.447,0.0148,0.05,0.0001,1.5
-0.0701,-0.0701,558.377,0.0076,0.05,0.0001,1.5
-0.0621,-0.0621,558.315,0.008,0.05,0.0001,1.5
-0.0582,-0.0582,558.257,0.0039,0.05,0.0001,1.5
-0.0586,-0.0586,558.198,-0.0004,0.05,0.0001,1.5
-0.0635,-0.0635,558.135,-0.0049,0.05,0.0001,1.5
-0.0692,-0.0692,558.066,-0.0057,0.05,0.0001,1.5
-0.081,-0.081,557.985,-0.0118,0.05,0.0001,1.5
-0.0967,-0.0967,557.888,-0.0157,0.05,0.0001,1.5
-0.0802,-0.0802,557.808,0.0165,0.05,0.0001,1.5
-0.043,-0.043,557.765,0.0372,0.05,0.0001,1.5
-0.0225,-0.0225,557.742,0.0205,0.05,0.0001,1.5
0.002,0.002,557.744,0.0245,0.05,0.0001,1.5
0.0191,0.0191,557.763,0.0171,0.05,0.0001,1.5
0.0286,0.0286,557.792,0.0095,0.05,0.0001,1.5
0.0304,0.0304,557.822,0.0018,0.05,0.0001,1.5
0.0275,0.0275,557.85,-0.0029,0.05,0.0001,1.5
0.0178,0.0178,557.868,-0.0097,0.05,0.0001,1.5
0.0022,0.0022,557.87,-0.0156,0.05,0.0001,1.5
-0.0188,-0.0188,557.851,-0.021,0.05,0.0001,1.5
-0.044,-0.044,557.807,-0.0252,0.05,0.0001,1.5
-0.0727,-0.0727,557.734,-0.0287,0.05,0.0001,1.5
-0.104,-0.104,557.63,-0.0313,0.05,0.0001,1.5
-0.1368,-0.1368,557.494,-0.0328,0.05,0.0001,1.5
-0.1819,-0.1819,557.312,-0.0451,0.05,0.0001,1.5
-0.2045,-0.2045,557.107,-0.0226,0.05,0.0001,1.5
-0.2372,-0.2372,556.87,-0.0327,0.05,0.0001,1.5
-0.269,-0.269,556.601,-0.0318,0.05,0.0001,1.5
-0.2997,-0.2997,556.301,-0.0307,0.05,0.0001,1.5
-0.3288,-0.3288,555.972,-0.0291,0.05,0.0001,1.5
-0.3471,-0.3471,555.625,-0.0183,0.05,0.0001,1.5
-0.3728,-0.3728,555.253,-0.0257,0.05,0.0001,1.5
-0.3963,-0.3963,554.856,-0.0235,0.05,0.0001,1.5
-0.4039,-0.4039,554.452,-0.0076,0.05,0.0001,1.5
-0.3617,-0.3617,554.091,0.0422,0.05,0.0001,1.5
-0.3263,-0.3263,553.764,0.0354,0.05,0.0001,1.5
-0.294,-0.294,553.47,0.0323,0.05,0.0001,1.5
-0.2754,-0.2754,553.195,0.0186,0.05,0.0001,1.5
-0.252,-0.252,552.943,0.0234,0.05,0.0001,1.5
-0.2339,-0.2339,552.709,0.0181,0.05,0.0001,1.5
-0.2214,-0.2214,552.488,0.0125,0.05,0.0001,1.5
-0.2148,-0.2148,552.273,0.0066,0.05,0.0001,1.5
-0.2138,-0.2138,552.059,0.001,0.05,0.0001,1.5
-0.2182,-0.2182,551.841,-0.0044,0.05,0.0001,1.5
-0.2274,-0.2274,551.613,-0.0092,0.05,0.0001,1.5
-0.2466,-0.2466,551.367,-0.0192,0.05,0.0001,1.5
-0.2218,-0.2218,551.145,0.0248,0.05,0.0001,1.5
-0.1968,-0.1968,550.948,0.025,0.05,0.0001,1.5
-0.1759,-0.1759,550.772,0.0209,0.05,0.0001,1.5
-0.1614,-0.1614,550.611,0.0145,0.05,0.0001,1.5
-0.1534,-0.1534,550.458,0.008,0.05,0.0001,1.5
-0.1517,-0.1517,550.306,0.0017,0.05,0.0001,1.5
-0.1559,-0.1559,550.15,-0.0042,0.05,0.0001,1.5
-0.1653,-0.1653,549.985,-0.0094,0.05,0.0001,1.5
-0.1795,-0.1795,549.805,-0.0142,0.05,0.0001,1.5
-0.1975,-0.1975,549.608,-0.018,0.05,0.0001,1.5
-0.2187,-0.2187,549.389,-0.0212,0.05,0.0001,1.5
-0.2422,-0.2422,549.147,-0.0235,0.05,0.0001,1.5
-0.2674,-0.2674,548.879,-0.0252,0.05,0.0001,1.5
-0.2936,-0.2936,548.586,-0.0262,0.05,0.0001,1.5
-0.3201,-0.3201,548.266,-0.0265,0.05,0.0001,1.5
-0.3464,-0.3464,547.919,-0.0263,0.05,0.0001,1.5
-0.372,-0.372,547.547,-0.0256,0.05,0.0001,1.5
-0.3885,-0.3885,547.159,-0.0165,0.05,0.0001,1.5
