0.76,0.76,0.76,0.76,0.1,0.0002,2.5
0.76,0.76,1.52,0,0.1,0.0002,2.5
0.7591,0.7591,2.2791,-0.0009,0.1,0.0002,2.5
0.7588,0.7588,3.0379,-0.0003,0.1,0.0002,2.5
0.7584,0.7584,3.7963,-0.0004,0.1,0.0002,2.5
0.7579,0.7579,4.5542,-0.0005,0.1,0.0002,2.5
0.7572,0.7572,5.3114,-0.0007,0.1,0.0002,2.5
0.7563,0.7563,6.0677,-0.0009,0.1,0.0002,2.5
0.7556,0.7556,6.8233,-0.0007,0.1,0.0002,2.5
0.7545,0.7545,7.5778,-0.0011,0.1,0.0002,2.5
0.7532,0.7532,8.331,-0.0013,0.1,0.0002,2.5
0.7517,0.7517,9.0827,-0.0015,0.1,0.0002,2.5
0.7506,0.7506,9.8333,-0.0011,0.1,0.0002,2.5
0.7488,0.7488,10.5821,-0.0018,0.1,0.0002,2.5
0.7468,0.7468,11.3289,-0.002,0.1,0.0002,2.5
0.7447,0.7447,12.0736,-0.0021,0.1,0.0002,2.5
0.7423,0.7423,12.8159,-0.0024,0.1,0.0002,2.5
0.7406,0.7406,13.5565,-0.0017,0.1,0.0002,2.5
0.7378,0.7378,14.2943,-0.0028,0.1,0.0002,2.5
0.7348,0.7348,15.0291,-0.003,0.1,0.0002,2.5
0.7316,0.7316,15.7607,-0.0032,0.1,0.0002,2.5
0.7281,0.7281,16.4888,-0.0035,0.1,0.0002,2.5
0.7244,0.7244,17.2132,-0.0037,0.1,0.0002,2.5
0.7204,0.7204,17.9336,-0.004,0.1,0.0002,2.5
0.7162,0.7162,18.6498,-0.0042,0.1,0.0002,2.5
0.7117,0.7117,19.3615,-0.0045,0.1,0.0002,2.5
0.7069,0.7069,20.0684,-0.0048,0.1,0.0002,2.5
0.7019,0.7019,20.7703,-0.005,0.1,0.0002,2.5
0.6983,0.6983,21.4686,-0.0036,0.1,0.0002,2.5
0.6928,0.6928,22.1614,-0.0055,0.1,0.0002,2.5
0.6869,0.6869,22.8483,-0.0059,0.1,0.0002,2.5
0.6807,0.6807,23.529,-0.0062,0.1,0.0002,2.5
0.6742,0.6742,24.2032,-0.0065,0.1,0.0002,2.5
0.6674,0.6674,24.8706,-0.0068,0.1,0.0002,2.5
0.6627,0.6627,25.5333,-0.0047,0.1,0.0002,2.5
0.6554,0.6554,26.1887,-0.0073,0.1,0.0002,2.5
0.6477,0.6477,26.8364,-0.0077,0.1,0.0002,2.5
0.6396,0.6396,27.476,-0.0081,0.1,0.0002,2.5
0.6317,0.6317,28.1077,-0.0079,0.1,0.0002,2.5
0.6261,0.6261,28.7338,-0.0056,0.1,0.0002,2.5
0.6245,0.6245,29.3583,-0.0016,0.1,0.0002,2.5
0.6267,0.6267,29.985,0.0022,0.1,0.0002,2.5
0.6186,0.6186,30.6036,-0.0081,0.1,0.0002,2.5
0.6118,0.6118,31.2154,-0.0068,0.1,0.0002,2.5
0.6094,0.6094,31.8248,-0.0024,0.1,0.0002,2.5
0.6088,0.6088,32.4336,-0.0006,0.1,0.0002,2.5
0.6084,0.6084,33.042,-0.0004,0.1,0.0002,2.5
0.6084,0.6084,33.6504,0,0.1,0.0002,2.5
0.608,0.608,34.2584,-0.0004,0.1,0.0002,2.5
0.6071,0.6071,34.8655,-0.0009,0.1,0.0002,2.5
0.6057,0.6057,35.4712,-0.0014,0.1,0.0002,2.5
0.604,0.604,36.0752,-0.0017,0.1,0.0002,2.5
0.6018,0.6018,36.677,-0.0022,0.1,0.0002,2.5
0.6001,0.6001,37.2771,-0.0017,0.1,0.0002,2.5
0.5972,0.5972,37.8743,-0.0029,0.1,0.0002,2.5
0.5938,0.5938,38.4681,-0.0034,0.1,0.0002,2.5
0.59,0.59,39.0581,-0.0038,0.1,0.0002,2.5
0.5857,0.5857,39.6438,-0.0043,0.1,0.0002,2.5
0.581,0.581,40.2248,-0.0047,0.1,0.0002,2.5
0.5777,0.5777,40.8025,-0.0033,0.1,0.0002,2.5
0.5723,0.5723,41.3748,-0.0054,0.1,0.0002,2.5
0.5663,0.5663,41.9411,-0.006,0.1,0.0002,2.5
0.5621,0.5621,42.5032,-0.0042,0.1,0.0002,2.5
0.5554,0.5554,43.0586,-0.0067,0.1,0.0002,2.5
0.5482,0.5482,43.6068,-0.0072,0.1,0.0002,2.5
0.5406,0.5406,44.1474,-0.0076,0.1,0.0002,2.5
0.5325,0.5325,44.6799,-0.0081,0.1,0.0002,2.5
0.5242,0.5242,45.2041,-0.0083,0.1,0.0002,2.5
0.5185,0.5185,45.7226,-0.0057,0.1,0.0002,2.5
0.5095,0.5095,46.2321,-0.009,0.1,0.0002,2.5
0.5002,0.5002,46.7323,-0.0093,0.1,0.0002,2.5
0.4904,0.4904,47.2227,-0.0098,0.1,0.0002,2.5
0.4837,0.4837,47.7064,-0.0067,0.1,0.0002,2.5
0.4736,0.4736,48.18,-0.0101,0.1,0.0002,2.5
0.463,0.463,48.643,-0.0106,0.1,0.0002,2.5
0.452,0.452,49.095,-0.011,0.1,0.0002,2.5
0.4407,0.4407,49.5357,-0.0113,0.1,0.0002,2.5
0.4331,0.4331,49.9688,-0.0076,0.1,0.0002,2.5
0.4216,0.4216,50.3904,-0.0115,0.1,0.0002,2.5
0.4095,0.4095,50.7999,-0.0121,0.1,0.0002,2.5
0.3974,0.3974,51.1973,-0.0121,0.1,0.0002,2.5
0.3851,0.3851,51.5824,-0.0123,0.1,0.0002,2.5
0.3729,0.3729,51.9553,-0.0122,0.1,0.0002,2.5
0.3646,0.3646,52.3199,-0.0083,0.1,0.0002,2.5
0.3522,0.3522,52.6721,-0.0124,0.1,0.0002,2.5
0.3395,0.3395,53.0116,-0.0127,0.1,0.0002,2.5
0.3266,0.3266,53.3382,-0.0129,0.1,0.0002,2.5
0.314,0.314,53.6522,-0.0126,0.1,0.0002,2.5
0.3057,0.3057,53.9579,-0.0083,0.1,0.0002,2.5
0.2931,0.2931,54.251,-0.0126,0.1,0.0002,2.5
0.2805,0.2805,54.5315,-0.0126,0.1,0.0002,2.5
0.2678,0.2678,54.7993,-0.0127,0.1,0.0002,2.5
0.2555,0.2555,55.0548,-0.0123,0.1,0.0002,2.5
0.2432,0.2432,55.298,-0.0123,0.1,0.0002,2.5
0.2352,0.2352,55.5332,-0.008,0.1,0.0002,2.5
0.2235,0.2235,55.7567,-0.0117,0.1,0.0002,2.5
0.2115,0.2115,55.9682,-0.012,0.1,0.0002,2.5
0.1999,0.1999,56.1681,-0.0116,0.1,0.0002,2.5
0.1885,0.1885,56.3566,-0.0114,0.1,0.0002,2.5
0.1811,0.1811,56.5377,-0.0074,0.1,0.0002,2.5
0.1705,0.1705,56.7082,-0.0106,0.1,0.0002,2.5
0.1597,0.1597,56.8679,-0.0108,0.1,0.0002,2.5
0.1494,0.1494,57.0173,-0.0103,0.1,0.0002,2.5
0.1394,0.1394,57.1567,-0.01,0.1,0.0002,2.5
0.1299,0.1299,57.2866,-0.0095,0.1,0.0002,2.5
0.1238,0.1238,57.4104,-0.0061,0.1,0.0002,2.5
0.1149,0.1149,57.5253,-0.0089,0.1,0.0002,2.5
0.1063,0.1063,57.6316,-0.0086,0.1,0.0002,2.5
0.098,0.098,57.7296,-0.0083,0.1,0.0002,2.5
0.0907,0.0907,57.8203,-0.0073,0.1,0.0002,2.5
0.0879,0.0879,57.9082,-0.0028,0.1,0.0002,2.5
0.09,0.09,57.9982,0.0021,0.1,0.0002,2.5
0.094,0.094,58.0922,0.004,0.1,0.0002,2.5
0.1035,0.1035,58.1957,0.0095,0.1,0.0002,2.5
0.1121,0.1121,58.3078,0.0086,0.1,0.0002,2.5
0.126,0.126,58.4338,0.0139,0.1,0.0002,2.5
0.139,0.139,58.5728,0.013,0.1,0.0002,2.5
0.1506,0.1506,58.7234,0.0116,0.1,0.0002,2.5
0.1607,0.1607,58.8841,0.0101,0.1,0.0002,2.5
0.1695,0.1695,59.0536,0.0088,0.1,0.0002,2.5
0.1772,0.1772,59.2308,0.0077,0.1,0.0002,2.5
0.1837,0.1837,59.4145,0.0065,0.1,0.0002,2.5
0.1893,0.1893,59.6038,0.0056,0.1,0.0002,2.5
0.1925,0.1925,59.7963,0.0032,0.1,0.0002,2.5
0.1965,0.1965,59.9928,0.004,0.1,0.0002,2.5
0.1999,0.1999,60.1927,0.0034,0.1,0.0002,2.5
0.2024,0.2024,60.3951,0.0025,0.1,0.0002,2.5
0.2041,0.2041,60.5992,0.0017,0.1,0.0002,2.5
0.2048,0.2048,60.804,0.0007,0.1,0.0002,2.5
0.2053,0.2053,61.0093,0.0005,0.1,0.0002,2.5
0.2051,0.2051,61.2144,-0.0002,0.1,0.0002,2.5
0.2044,0.2044,61.4188,-0.0007,0.1,0.0002,2.5
0.203,0.203,61.6218,-0.0014,0.1,0.0002,2.5
0.2012,0.2012,61.823,-0.0018,0.1,0.0002,2.5
0.1989,0.1989,62.0219,-0.0023,0.1,0.0002,2.5
0.1971,0.1971,62.219,-0.0018,0.1,0.0002,2.5
0.1941,0.1941,62.4131,-0.003,0.1,0.0002,2.5
0.1907,0.1907,62.6038,-0.0034,0.1,0.0002,2.5
0.1869,0.1869,62.7907,-0.0038,0.1,0.0002,2.5
0.1829,0.1829,62.9736,-0.004,0.1,0.0002,2.5
0.1787,0.1787,63.1523,-0.0042,0.1,0.0002,2.5
0.1759,0.1759,63.3282,-0.0028,0.1,0.0002,2.5
0.1714,0.1714,63.4996,-0.0045,0.1,0.0002,2.5
0.1667,0.1667,63.6663,-0.0047,0.1,0.0002,2.5
0.1619,0.1619,63.8282,-0.0048,0.1,0.0002,2.5
0.1571,0.1571,63.9853,-0.0048,0.1,0.0002,2.5
0.1522,0.1522,64.1375,-0.0049,0.1,0.0002,2.5
0.1474,0.1474,64.2849,-0.0048,0.1,0.0002,2.5
0.1426,0.1426,64.4275,-0.0048,0.1,0.0002,2.5
0.1395,0.1395,64.567,-0.0031,0.1,0.0002,2.5
0.1348,0.1348,64.7018,-0.0047,0.1,0.0002,2.5
0.13,0.13,64.8318,-0.0048,0.1,0.0002,2.5
0.1254,0.1254,64.9572,-0.0046,0.1,0.0002,2.5
0.1223,0.1223,65.0795,-0.0031,0.1,0.0002,2.5
0.1164,0.1164,65.1959,-0.0059,0.1,0.0002,2.5
0.112,0.112,65.3079,-0.0044,0.1,0.0002,2.5
0.1116,0.1116,65.4195,-0.0004,0.1,0.0002,2.5
0.1213,0.1213,65.5408,0.0097,0.1,0.0002,2.5
0.1315,0.1315,65.6723,0.0102,0.1,0.0002,2.5
0.1516,0.1516,65.8239,0.0201,0.1,0.0002,2.5
0.1722,0.1722,65.9961,0.0206,0.1,0.0002,2.5
0.1901,0.1901,66.1862,0.0179,0.1,0.0002,2.5
0.205,0.205,66.3912,0.0149,0.1,0.0002,2.5
0.2132,0.2132,66.6044,0.0082,0.1,0.0002,2.5
0.2234,0.2234,66.8278,0.0102,0.1,0.0002,2.5
0.2316,0.2316,67.0594,0.0082,0.1,0.0002,2.5
0.2376,0.2376,67.297,0.006,0.1,0.0002,2.5
0.2416,0.2416,67.5386,0.004,0.1,0.0002,2.5
0.2436,0.2436,67.7822,0.002,0.1,0.0002,2.5
0.244,0.244,68.0262,0.0004,0.1,0.0002,2.5
0.2434,0.2434,68.2696,-0.0006,0.1,0.0002,2.5
0.2415,0.2415,68.5111,-0.0019,0.1,0.0002,2.5
0.2371,0.2371,68.7482,-0.0044,0.1,0.0002,2.5
0.2326,0.2326,68.9808,-0.0045,0.1,0.0002,2.5
0.2274,0.2274,69.2082,-0.0052,0.1,0.0002,2.5
0.2216,0.2216,69.4298,-0.0058,0.1,0.0002,2.5
0.2153,0.2153,69.6451,-0.0063,0.1,0.0002,2.5
0.2086,0.2086,69.8537,-0.0067,0.1,0.0002,2.5
0.2016,0.2016,70.0553,-0.007,0.1,0.0002,2.5
0.1944,0.1944,70.2497,-0.0072,0.1,0.0002,2.5
0.1871,0.1871,70.4368,-0.0073,0.1,0.0002,2.5
0.1799,0.1799,70.6167,-0.0072,0.1,0.0002,2.5
0.1727,0.1727,70.7894,-0.0072,0.1,0.0002,2.5
0.1656,0.1656,70.955,-0.0071,0.1,0.0002,2.5
0.1586,0.1586,71.1136,-0.007,0.1,0.0002,2.5
0.1518,0.1518,71.2654,-0.0068,0.1,0.0002,2.5
0.1453,0.1453,71.4107,-0.0065,0.1,0.0002,2.5
0.141,0.141,71.5517,-0.0043,0.1,0.0002,2.5
0.1349,0.1349,71.6866,-0.0061,0.1,0.0002,2.5
0.1288,0.1288,71.8154,-0.0061,0.1,0.0002,2.5
0.1281,0.1281,71.9435,-0.0007,0.1,0.0002,2.5
0.143,0.143,72.0865,0.0149,0.1,0.0002,2.5
0.1655,0.1655,72.252,0.0225,0.1,0.0002,2.5
0.1899,0.1899,72.4419,0.0244,0.1,0.0002,2.5
0.2107,0.2107,72.6526,0.0208,0.1,0.0002,2.5
0.2274,0.2274,72.88,0.0167,0.1,0.0002,2.5
0.2401,0.2401,73.1201,0.0127,0.1,0.0002,2.5
0.249,0.249,73.3691,0.0089,0.1,0.0002,2.5
0.2545,0.2545,73.6236,0.0055,0.1,0.0002,2.5
0.2571,0.2571,73.8807,0.0026,0.1,0.0002,2.5
0.257,0.257,74.1377,-0.0001,0.1,0.0002,2.5
0.2547,0.2547,74.3924,-0.0023,0.1,0.0002,2.5
0.2504,0.2504,74.6428,-0.0043,0.1,0.0002,2.5
0.2446,0.2446,74.8874,-0.0058,0.1,0.0002,2.5
0.24,0.24,75.1274,-0.0046,0.1,0.0002,2.5
0.2324,0.2324,75.3598,-0.0076,0.1,0.0002,2.5
0.2238,0.2238,75.5836,-0.0086,0.1,0.0002,2.5
0.2146,0.2146,75.7982,-0.0092,0.1,0.0002,2.5
0.205,0.205,76.0032,-0.0096,0.1,0.0002,2.5
0.1954,0.1954,76.1986,-0.0096,0.1,0.0002,2.5
0.1858,0.1858,76.3844,-0.0096,0.1,0.0002,2.5
0.1764,0.1764,76.5608,-0.0094,0.1,0.0002,2.5
0.1672,0.1672,76.728,-0.0092,0.1,0.0002,2.5
0.1584,0.1584,76.8864,-0.0088,0.1,0.0002,2.5
0.15,0.15,77.0364,-0.0084,0.1,0.0002,2.5
0.142,0.142,77.1784,-0.008,0.1,0.0002,2.5
0.1346,0.1346,77.313,-0.0074,0.1,0.0002,2.5
0.1276,0.1276,77.4406,-0.007,0.1,0.0002,2.5
0.121,0.121,77.5616,-0.0066,0.1,0.0002,2.5
0.1149,0.1149,77.6765,-0.0061,0.1,0.0002,2.5
0.1093,0.1093,77.7858,-0.0056,0.1,0.0002,2.5
0.1065,0.1065,77.8923,-0.0028,0.1,0.0002,2.5
0.1166,0.1166,78.0089,0.0101,0.1,0.0002,2.5
0.132,0.132,78.1409,0.0154,0.1,0.0002,2.5
0.1572,0.1572,78.2981,0.0252,0.1,0.0002,2.5
0.1813,0.1813,78.4794,0.0241,0.1,0.0002,2.5
0.2014,0.2014,78.6808,0.0201,0.1,0.0002,2.5
0.2168,0.2168,78.8976,0.0154,0.1,0.0002,2.5
0.2276,0.2276,79.1252,0.0108,0.1,0.0002,2.5
0.2343,0.2343,79.3595,0.0067,0.1,0.0002,2.5
0.2373,0.2373,79.5968,0.003,0.1,0.0002,2.5
0.2375,0.2375,79.8343,0.0002,0.1,0.0002,2.5
0.2354,0.2354,80.0697,-0.0021,0.1,0.0002,2.5
0.2311,0.2311,80.3008,-0.0043,0.1,0.0002,2.5
0.2248,0.2248,80.5256,-0.0063,0.1,0.0002,2.5
0.2169,0.2169,80.7425,-0.0079,0.1,0.0002,2.5
0.2047,0.2047,80.9472,-0.0122,0.1,0.0002,2.5
0.1981,0.1981,81.1453,-0.0066,0.1,0.0002,2.5
0.1881,0.1881,81.3334,-0.01,0.1,0.0002,2.5
0.1778,0.1778,81.5112,-0.0103,0.1,0.0002,2.5
0.1675,0.1675,81.6787,-0.0103,0.1,0.0002,2.5
0.1573,0.1573,81.836,-0.0102,0.1,0.0002,2.5
0.1476,0.1476,81.9836,-0.0097,0.1,0.0002,2.5
0.1384,0.1384,82.122,-0.0092,0.1,0.0002,2.5
0.1297,0.1297,82.2517,-0.0087,0.1,0.0002,2.5
0.1217,0.1217,82.3734,-0.008,0.1,0.0002,2.5
0.1143,0.1143,82.4877,-0.0074,0.1,0.0002,2.5
0.1076,0.1076,82.5953,-0.0067,0.1,0.0002,2.5
0.1014,0.1014,82.6967,-0.0062,0.1,0.0002,2.5
0.0959,0.0959,82.7926,-0.0055,0.1,0.0002,2.5
0.0909,0.0909,82.8835,-0.005,0.1,0.0002,2.5
0.0863,0.0863,82.9698,-0.0046,0.1,0.0002,2.5
0.0823,0.0823,83.0521,-0.004,0.1,0.0002,2.5
0.0798,0.0798,83.1319,-0.0025,0.1,0.0002,2.5
0.0789,0.0789,83.2108,-0.0009,0.1,0.0002,2.5
0.106,0.106,83.3168,0.0271,0.1,0.0002,2.5
0.128,0.128,83.4448,0.022,0.1,0.0002,2.5
0.1783,0.1783,83.6231,0.0503,0.1,0.0002,2.5
0.2255,0.2255,83.8486,0.0472,0.1,0.0002,2.5
0.265,0.265,84.1136,0.0395,0.1,0.0002,2.5
0.295,0.295,84.4086,0.03,0.1,0.0002,2.5
0.3159,0.3159,84.7245,0.0209,0.1,0.0002,2.5
0.3283,0.3283,85.0528,0.0124,0.1,0.0002,2.5
0.3333,0.3333,85.3861,0.005,0.1,0.0002,2.5
0.3331,0.3331,85.7192,-0.0002,0.1,0.0002,2.5
0.3283,0.3283,86.0475,-0.0048,0.1,0.0002,2.5
0.3192,0.3192,86.3667,-0.0091,0.1,0.0002,2.5
0.3066,0.3066,86.6733,-0.0126,0.1,0.0002,2.5
0.2914,0.2914,86.9647,-0.0152,0.1,0.0002,2.5
0.2745,0.2745,87.2392,-0.0169,0.1,0.0002,2.5
0.2566,0.2566,87.4958,-0.0179,0.1,0.0002,2.5
0.2384,0.2384,87.7342,-0.0182,0.1,0.0002,2.5
0.2205,0.2205,87.9547,-0.0179,0.1,0.0002,2.5
0.2033,0.2033,88.158,-0.0172,0.1,0.0002,2.5
0.187,0.187,88.345,-0.0163,0.1,0.0002,2.5
0.172,0.172,88.517,-0.015,0.1,0.0002,2.5
0.1583,0.1583,88.6753,-0.0137,0.1,0.0002,2.5
0.146,0.146,88.8213,-0.0123,0.1,0.0002,2.5
0.135,0.135,88.9563,-0.011,0.1,0.0002,2.5
0.1255,0.1255,89.0818,-0.0095,0.1,0.0002,2.5
0.1206,0.1206,89.2024,-0.0049,0.1,0.0002,2.5
0.1233,0.1233,89.3257,0.0027,0.1,0.0002,2.5
0.1358,0.1358,89.4615,0.0125,0.1,0.0002,2.5
0.1542,0.1542,89.6157,0.0184,0.1,0.0002,2.5
0.1707,0.1707,89.7864,0.0165,0.1,0.0002,2.5
0.1837,0.1837,89.9701,0.013,0.1,0.0002,2.5
0.1903,0.1903,90.1604,0.0066,0.1,0.0002,2.5
0.197,0.197,90.3574,0.0067,0.1,0.0002,2.5
0.2005,0.2005,90.5579,0.0035,0.1,0.0002,2.5
0.2009,0.2009,90.7588,0.0004,0.1,0.0002,2.5
0.1984,0.1984,90.9572,-0.0025,0.1,0.0002,2.5
0.1934,0.1934,91.1506,-0.005,0.1,0.0002,2.5
0.1863,0.1863,91.3369,-0.0071,0.1,0.0002,2.5
0.1776,0.1776,91.5145,-0.0087,0.1,0.0002,2.5
0.1678,0.1678,91.6823,-0.0098,0.1,0.0002,2.5
0.1574,0.1574,91.8397,-0.0104,0.1,0.0002,2.5
0.1466,0.1466,91.9863,-0.0108,0.1,0.0002,2.5
0.1395,0.1395,92.1258,-0.0071,0.1,0.0002,2.5
0.1255,0.1255,92.2513,-0.014,0.1,0.0002,2.5
0.1187,0.1187,92.37,-0.0068,0.1,0.0002,2.5
0.1092,0.1092,92.4792,-0.0095,0.1,0.0002,2.5
0.1003,0.1003,92.5795,-0.0089,0.1,0.0002,2.5
0.0921,0.0921,92.6716,-0.0082,0.1,0.0002,2.5
0.0884,0.0884,92.76,-0.0037,0.1,0.0002,2.5
-0.1282,-0.1282,92.6318,-0.2166,0.1,0.0002,2.5
0.1525,0.1525,92.7843,0.2807,0.1,0.0002,2.5
0.2275,0.2275,93.0118,0.075,0.1,0.0002,2.5
0.3039,0.3039,93.3157,0.0764,0.1,0.0002,2.5
0.365,0.365,93.6807,0.0611,0.1,0.0002,2.5
0.4116,0.4116,94.0923,0.0466,0.1,0.0002,2.5
0.444,0.444,94.5363,0.0324,0.1,0.0002,2.5
0.4584,0.4584,94.9947,0.0144,0.1,0.0002,2.5
0.4707,0.4707,95.4654,0.0123,0.1,0.0002,2.5
0.4736,0.4736,95.939,0.0029,0.1,0.0002,2.5
0.468,0.468,96.407,-0.0056,0.1,0.0002,2.5
0.4549,0.4549,96.8619,-0.0131,0.1,0.0002,2.5
0.4359,0.4359,97.2978,-0.019,0.1,0.0002,2.5
0.4125,0.4125,97.7103,-0.0234,0.1,0.0002,2.5
0.3862,0.3862,98.0965,-0.0263,0.1,0.0002,2.5
0.3677,0.3677,98.4642,-0.0185,0.1,0.0002,2.5
0.3397,0.3397,98.8039,-0.028,0.1,0.0002,2.5
0.311,0.311,99.1149,-0.0287,0.1,0.0002,2.5
0.2827,0.2827,99.3976,-0.0283,0.1,0.0002,2.5
0.256,0.256,99.6536,-0.0267,0.1,0.0002,2.5
0.2314,0.2314,99.885,-0.0246,0.1,0.0002,2.5
0.2164,0.2164,100.101,-0.015,0.1,0.0002,2.5
0.1958,0.1958,100.297,-0.0206,0.1,0.0002,2.5
0.177,0.177,100.474,-0.0188,0.1,0.0002,2.5
0.1602,0.1602,100.634,-0.0168,0.1,0.0002,2.5
0.1457,0.1457,100.78,-0.0145,0.1,0.0002,2.5
0.1335,0.1335,100.914,-0.0122,0.1,0.0002,2.5
0.1233,0.1233,101.037,-0.0102,0.1,0.0002,2.5
0.1149,0.1149,101.152,-0.0084,0.1,0.0002,2.5
0.1081,0.1081,101.26,-0.0068,0.1,0.0002,2.5
0.1024,0.1024,101.362,-0.0057,0.1,0.0002,2.5
0.0978,0.0978,101.46,-0.0046,0.1,0.0002,2.5
0.0964,0.0964,101.557,-0.0014,0.1,0.0002,2.5
0.1501,0.1501,101.707,0.0537,0.1,0.0002,2.5
0.1559,0.1559,101.863,0.0058,0.1,0.0002,2.5
0.232,0.232,102.095,0.0761,0.1,0.0002,2.5
0.3033,0.3033,102.398,0.0713,0.1,0.0002,2.5
0.3632,0.3632,102.761,0.0599,0.1,0.0002,2.5
0.4072,0.4072,103.168,0.044,0.1,0.0002,2.5
0.4355,0.4355,103.604,0.0283,0.1,0.0002,2.5
0.4493,0.4493,104.053,0.0138,0.1,0.0002,2.5
0.4504,0.4504,104.503,0.0011,0.1,0.0002,2.5
0.4408,0.4408,104.944,-0.0096,0.1,0.0002,2.5
0.4294,0.4294,105.374,-0.0114,0.1,0.0002,2.5
0.4072,0.4072,105.781,-0.0222,0.1,0.0002,2.5
0.3797,0.3797,106.161,-0.0275,0.1,0.0002,2.5
0.3489,0.3489,106.509,-0.0308,0.1,0.0002,2.5
0.3166,0.3166,106.826,-0.0323,0.1,0.0002,2.5
0.2843,0.2843,107.11,-0.0323,0.1,0.0002,2.5
0.2532,0.2532,107.364,-0.0311,0.1,0.0002,2.5
0.2242,0.2242,107.588,-0.029,0.1,0.0002,2.5
0.2105,0.2105,107.798,-0.0137,0.1,0.0002,2.5
0.2276,0.2276,108.026,0.0171,0.1,0.0002,2.5
0.2464,0.2464,108.272,0.0188,0.1,0.0002,2.5
0.2721,0.2721,108.544,0.0257,0.1,0.0002,2.5
0.2932,0.2932,108.838,0.0211,0.1,0.0002,2.5
0.3083,0.3083,109.146,0.0151,0.1,0.0002,2.5
0.3169,0.3169,109.463,0.0086,0.1,0.0002,2.5
0.3191,0.3191,109.782,0.0022,0.1,0.0002,2.5
0.3157,0.3157,110.098,-0.0034,0.1,0.0002,2.5
0.3072,0.3072,110.405,-0.0085,0.1,0.0002,2.5
0.2945,0.2945,110.699,-0.0127,0.1,0.0002,2.5
0.2786,0.2786,110.978,-0.0159,0.1,0.0002,2.5
0.2667,0.2667,111.245,-0.0119,0.1,0.0002,2.5
0.2477,0.2477,111.492,-0.019,0.1,0.0002,2.5
0.2274,0.2274,111.72,-0.0203,0.1,0.0002,2.5
0.2067,0.2067,111.926,-0.0207,0.1,0.0002,2.5
0.1864,0.1864,112.113,-0.0203,0.1,0.0002,2.5
0.2168,0.2168,112.33,0.0304,0.1,0.0002,2.5
0.2428,0.2428,112.572,0.026,0.1,0.0002,2.5
0.3184,0.3184,112.891,0.0756,0.1,0.0002,2.5
0.3923,0.3923,113.283,0.0739,0.1,0.0002,2.5
0.4527,0.4527,113.736,0.0604,0.1,0.0002,2.5
0.4832,0.4832,114.219,0.0305,0.1,0.0002,2.5
0.5215,0.5215,114.74,0.0383,0.1,0.0002,2.5
0.5304,0.5304,115.271,0.0089,0.1,0.0002,2.5
0.5315,0.5315,115.802,0.0011,0.1,0.0002,2.5
0.5203,0.5203,116.323,-0.0112,0.1,0.0002,2.5
0.4992,0.4992,116.822,-0.0211,0.1,0.0002,2.5
0.4704,0.4704,117.292,-0.0288,0.1,0.0002,2.5
0.448,0.448,117.74,-0.0224,0.1,0.0002,2.5
0.412,0.412,118.152,-0.036,0.1,0.0002,2.5
0.3732,0.3732,118.525,-0.0388,0.1,0.0002,2.5
0.3337,0.3337,118.859,-0.0395,0.1,0.0002,2.5
0.2955,0.2955,119.155,-0.0382,0.1,0.0002,2.5
0.2599,0.2599,119.415,-0.0356,0.1,0.0002,2.5
0.2379,0.2379,119.652,-0.022,0.1,0.0002,2.5
0.2081,0.2081,119.861,-0.0298,0.1,0.0002,2.5
0.181,0.181,120.042,-0.0271,0.1,0.0002,2.5
0.1573,0.1573,120.199,-0.0237,0.1,0.0002,2.5
0.1436,0.1436,120.342,-0.0137,0.1,0.0002,2.5
0.1261,0.1261,120.469,-0.0175,0.1,0.0002,2.5
0.1112,0.1112,120.58,-0.0149,0.1,0.0002,2.5
0.0991,0.0991,120.679,-0.0121,0.1,0.0002,2.5
0.0896,0.0896,120.768,-0.0095,0.1,0.0002,2.5
0.0823,0.0823,120.851,-0.0073,0.1,0.0002,2.5
0.0785,0.0785,120.929,-0.0038,0.1,0.0002,2.5
0.074,0.074,121.003,-0.0045,0.1,0.0002,2.5
0.0733,0.0733,121.077,-0.0007,0.1,0.0002,2.5
0.1902,0.1902,121.267,0.1169,0.1,0.0002,2.5
0.1575,0.1575,121.424,-0.0327,0.1,0.0002,2.5
0.2352,0.2352,121.659,0.0777,0.1,0.0002,2.5
0.3067,0.3067,121.966,0.0715,0.1,0.0002,2.5
0.3674,0.3674,122.334,0.0607,0.1,0.0002,2.5
0.4106,0.4106,122.744,0.0432,0.1,0.0002,2.5
0.4363,0.4363,123.18,0.0257,0.1,0.0002,2.5
0.4443,0.4443,123.625,0.008,0.1,0.0002,2.5
0.445,0.445,124.07,0.0007,0.1,0.0002,2.5
0.434,0.434,124.504,-0.011,0.1,0.0002,2.5
0.4135,0.4135,124.917,-0.0205,0.1,0.0002,2.5
0.3855,0.3855,125.303,-0.028,0.1,0.0002,2.5
0.3524,0.3524,125.655,-0.0331,0.1,0.0002,2.5
0.3557,0.3557,126.011,0.0033,0.1,0.0002,2.5
0.4132,0.4132,126.424,0.0575,0.1,0.0002,2.5
0.4983,0.4983,126.922,0.0851,0.1,0.0002,2.5
0.5713,0.5713,127.494,0.073,0.1,0.0002,2.5
0.6244,0.6244,128.118,0.0531,0.1,0.0002,2.5
0.6556,0.6556,128.774,0.0312,0.1,0.0002,2.5
0.6665,0.6665,129.44,0.0109,0.1,0.0002,2.5
0.6594,0.6594,130.1,-0.0071,0.1,0.0002,2.5
0.6374,0.6374,130.737,-0.022,0.1,0.0002,2.5
0.616,0.616,131.353,-0.0214,0.1,0.0002,2.5
0.577,0.577,131.93,-0.039,0.1,0.0002,2.5
0.5311,0.5311,132.461,-0.0459,0.1,0.0002,2.5
0.4813,0.4813,132.942,-0.0498,0.1,0.0002,2.5
0.4306,0.4306,133.373,-0.0507,0.1,0.0002,2.5
0.3812,0.3812,133.754,-0.0494,0.1,0.0002,2.5
0.3348,0.3348,134.089,-0.0464,0.1,0.0002,2.5
0.3062,0.3062,134.395,-0.0286,0.1,0.0002,2.5
0.3066,0.3066,134.702,0.0004,0.1,0.0002,2.5
0.3942,0.3942,135.096,0.0876,0.1,0.0002,2.5
0.5118,0.5118,135.608,0.1176,0.1,0.0002,2.5
0.6711,0.6711,136.279,0.1593,0.1,0.0002,2.5
0.7306,0.7306,137.009,0.0595,0.1,0.0002,2.5
0.7507,0.7507,137.76,0.0201,0.1,0.0002,2.5
0.7584,0.7584,138.519,0.0077,0.1,0.0002,2.5
0.7459,0.7459,139.264,-0.0125,0.1,0.0002,2.5
0.7281,0.7281,139.993,-0.0178,0.1,0.0002,2.5
0.6906,0.6906,140.683,-0.0375,0.1,0.0002,2.5
0.6422,0.6422,141.325,-0.0484,0.1,0.0002,2.5
0.5869,0.5869,141.912,-0.0553,0.1,0.0002,2.5
0.5804,0.5804,142.493,-0.0065,0.1,0.0002,2.5
0.6226,0.6226,143.115,0.0422,0.1,0.0002,2.5
0.6662,0.6662,143.781,0.0436,0.1,0.0002,2.5
0.689,0.689,144.47,0.0228,0.1,0.0002,2.5
0.7102,0.7102,145.181,0.0212,0.1,0.0002,2.5
0.7172,0.7172,145.898,0.007,0.1,0.0002,2.5
0.7145,0.7145,146.612,-0.0027,0.1,0.0002,2.5
0.7004,0.7004,147.313,-0.0141,0.1,0.0002,2.5
0.6758,0.6758,147.989,-0.0246,0.1,0.0002,2.5
0.6426,0.6426,148.631,-0.0332,0.1,0.0002,2.5
0.6166,0.6166,149.248,-0.026,0.1,0.0002,2.5
0.5743,0.5743,149.822,-0.0423,0.1,0.0002,2.5
0.5282,0.5282,150.35,-0.0461,0.1,0.0002,2.5
0.4804,0.4804,150.831,-0.0478,0.1,0.0002,2.5
0.4333,0.4333,151.264,-0.0471,0.1,0.0002,2.5
0.403,0.403,151.667,-0.0303,0.1,0.0002,2.5
0.3603,0.3603,152.027,-0.0427,0.1,0.0002,2.5
0.3197,0.3197,152.347,-0.0406,0.1,0.0002,2.5
0.2944,0.2944,152.641,-0.0253,0.1,0.0002,2.5
0.2744,0.2744,152.916,-0.02,0.1,0.0002,2.5
0.3657,0.3657,153.281,0.0913,0.1,0.0002,2.5
0.5553,0.5553,153.837,0.1896,0.1,0.0002,2.5
0.7336,0.7336,154.57,0.1783,0.1,0.0002,2.5
0.8367,0.8367,155.407,0.1031,0.1,0.0002,2.5
0.9581,0.9581,156.365,0.1214,0.1,0.0002,2.5
1.0442,1.0442,157.409,0.0861,0.1,0.0002,2.5
1.0818,1.0818,158.491,0.0376,0.1,0.0002,2.5
1.1095,1.1095,159.601,0.0277,0.1,0.0002,2.5
1.1077,1.1077,160.708,-0.0018,0.1,0.0002,2.5
1.0798,1.0798,161.788,-0.0279,0.1,0.0002,2.5
1.03,1.03,162.818,-0.0498,0.1,0.0002,2.5
0.9642,0.9642,163.782,-0.0658,0.1,0.0002,2.5
0.9143,0.9143,164.697,-0.0499,0.1,0.0002,2.5
0.8364,0.8364,165.533,-0.0779,0.1,0.0002,2.5
0.7992,0.7992,166.332,-0.0372,0.1,0.0002,2.5
0.8083,0.8083,167.141,0.0091,0.1,0.0002,2.5
0.814,0.814,167.955,0.0057,0.1,0.0002,2.5
0.8149,0.8149,168.769,0.0009,0.1,0.0002,2.5
0.8053,0.8053,169.575,-0.0096,0.1,0.0002,2.5
0.7857,0.7857,170.36,-0.0196,0.1,0.0002,2.5
0.7677,0.7677,171.128,-0.018,0.1,0.0002,2.5
0.7348,0.7348,171.863,-0.0329,0.1,0.0002,2.5
0.6954,0.6954,172.558,-0.0394,0.1,0.0002,2.5
0.6511,0.6511,173.209,-0.0443,0.1,0.0002,2.5
0.62,0.62,173.829,-0.0311,0.1,0.0002,2.5
0.6299,0.6299,174.459,0.0099,0.1,0.0002,2.5
0.7477,0.7477,175.207,0.1178,0.1,0.0002,2.5
0.8818,0.8818,176.089,0.1341,0.1,0.0002,2.5
0.9935,0.9935,177.082,0.1117,0.1,0.0002,2.5
1.0493,1.0493,178.132,0.0558,0.1,0.0002,2.5
1.1038,1.1038,179.235,0.0545,0.1,0.0002,2.5
1.1285,1.1285,180.364,0.0247,0.1,0.0002,2.5
1.1254,1.1254,181.489,-0.0031,0.1,0.0002,2.5
1.097,1.097,182.586,-0.0284,0.1,0.0002,2.5
1.0663,1.0663,183.653,-0.0307,0.1,0.0002,2.5
1.0078,1.0078,184.66,-0.0585,0.1,0.0002,2.5
0.9364,0.9364,185.597,-0.0714,0.1,0.0002,2.5
0.8571,0.8571,186.454,-0.0793,0.1,0.0002,2.5
0.8023,0.8023,187.256,-0.0548,0.1,0.0002,2.5
0.7209,0.7209,187.977,-0.0814,0.1,0.0002,2.5
0.6395,0.6395,188.617,-0.0814,0.1,0.0002,2.5
0.5614,0.5614,189.178,-0.0781,0.1,0.0002,2.5
0.49,0.49,189.668,-0.0714,0.1,0.0002,2.5
0.4468,0.4468,190.115,-0.0432,0.1,0.0002,2.5
0.3927,0.3927,190.508,-0.0541,0.1,0.0002,2.5
0.4135,0.4135,190.921,0.0208,0.1,0.0002,2.5
0.5292,0.5292,191.45,0.1157,0.1,0.0002,2.5
0.6584,0.6584,192.109,0.1292,0.1,0.0002,2.5
0.7355,0.7355,192.844,0.0771,0.1,0.0002,2.5
0.8273,0.8273,193.671,0.0918,0.1,0.0002,2.5
0.8929,0.8929,194.564,0.0656,0.1,0.0002,2.5
0.9306,0.9306,195.495,0.0377,0.1,0.0002,2.5
0.9403,0.9403,196.435,0.0097,0.1,0.0002,2.5
0.9349,0.9349,197.37,-0.0054,0.1,0.0002,2.5
0.9088,0.9088,198.279,-0.0261,0.1,0.0002,2.5
0.8655,0.8655,199.144,-0.0433,0.1,0.0002,2.5
0.8087,0.8087,199.953,-0.0568,0.1,0.0002,2.5
0.7657,0.7657,200.719,-0.043,0.1,0.0002,2.5
0.6972,0.6972,201.416,-0.0685,0.1,0.0002,2.5
0.6242,0.6242,202.04,-0.073,0.1,0.0002,2.5
0.5505,0.5505,202.591,-0.0737,0.1,0.0002,2.5
0.4839,0.4839,203.075,-0.0666,0.1,0.0002,2.5
0.463,0.463,203.538,-0.0209,0.1,0.0002,2.5
0.4739,0.4739,204.012,0.0109,0.1,0.0002,2.5
0.4887,0.4887,204.5,0.0148,0.1,0.0002,2.5
0.4992,0.4992,204.999,0.0105,0.1,0.0002,2.5
0.5023,0.5023,205.502,0.0031,0.1,0.0002,2.5
0.5006,0.5006,206.002,-0.0017,0.1,0.0002,2.5
0.4917,0.4917,206.494,-0.0089,0.1,0.0002,2.5
0.4761,0.4761,206.97,-0.0156,0.1,0.0002,2.5
0.4622,0.4622,207.432,-0.0139,0.1,0.0002,2.5
0.4372,0.4372,207.87,-0.025,0.1,0.0002,2.5
0.4075,0.4075,208.277,-0.0297,0.1,0.0002,2.5
0.4342,0.4342,208.711,0.0267,0.1,0.0002,2.5
0.5091,0.5091,209.22,0.0749,0.1,0.0002,2.5
0.5847,0.5847,209.805,0.0756,0.1,0.0002,2.5
0.6257,0.6257,210.431,0.041,0.1,0.0002,2.5
0.6684,0.6684,211.099,0.0427,0.1,0.0002,2.5
0.6912,0.6912,211.79,0.0228,0.1,0.0002,2.5
0.6947,0.6947,212.485,0.0035,0.1,0.0002,2.5
0.6799,0.6799,213.165,-0.0148,0.1,0.0002,2.5
0.6613,0.6613,213.826,-0.0186,0.1,0.0002,2.5
0.6234,0.6234,214.45,-0.0379,0.1,0.0002,2.5
0.5753,0.5753,215.025,-0.0481,0.1,0.0002,2.5
0.5203,0.5203,215.545,-0.055,0.1,0.0002,2.5
0.4619,0.4619,216.007,-0.0584,0.1,0.0002,2.5
0.403,0.403,216.41,-0.0589,0.1,0.0002,2.5
0.3646,0.3646,216.775,-0.0384,0.1,0.0002,2.5
0.3099,0.3099,217.085,-0.0547,0.1,0.0002,2.5
0.2577,0.2577,217.342,-0.0522,0.1,0.0002,2.5
0.2095,0.2095,217.552,-0.0482,0.1,0.0002,2.5
0.1671,0.1671,217.719,-0.0424,0.1,0.0002,2.5
0.1422,0.1422,217.861,-0.0249,0.1,0.0002,2.5
0.1098,0.1098,217.971,-0.0324,0.1,0.0002,2.5
0.082,0.082,218.053,-0.0278,0.1,0.0002,2.5
0.0829,0.0829,218.136,0.0009,0.1,0.0002,2.5
0.11,0.11,218.246,0.0271,0.1,0.0002,2.5
0.1552,0.1552,218.401,0.0452,0.1,0.0002,2.5
0.2193,0.2193,218.62,0.0641,0.1,0.0002,2.5
0.3159,0.3159,218.936,0.0966,0.1,0.0002,2.5
0.3405,0.3405,219.277,0.0246,0.1,0.0002,2.5
0.3446,0.3446,219.621,0.0041,0.1,0.0002,2.5
0.3369,0.3369,219.958,-0.0077,0.1,0.0002,2.5
0.3169,0.3169,220.275,-0.02,0.1,0.0002,2.5
0.2871,0.2871,220.562,-0.0298,0.1,0.0002,2.5
0.2502,0.2502,220.812,-0.0369,0.1,0.0002,2.5
0.209,0.209,221.021,-0.0412,0.1,0.0002,2.5
0.166,0.166,221.187,-0.043,0.1,0.0002,2.5
0.1374,0.1374,221.325,-0.0286,0.1,0.0002,2.5
0.096,0.096,221.421,-0.0414,0.1,0.0002,2.5
0.0578,0.0578,221.479,-0.0382,0.1,0.0002,2.5
0.0714,0.0714,221.55,0.0136,0.1,0.0002,2.5
0.0935,0.0935,221.644,0.0221,0.1,0.0002,2.5
0.1219,0.1219,221.765,0.0284,0.1,0.0002,2.5
0.16,0.16,221.925,0.0381,0.1,0.0002,2.5
0.1908,0.1908,222.116,0.0308,0.1,0.0002,2.5
0.2118,0.2118,222.328,0.021,0.1,0.0002,2.5
0.2198,0.2198,222.548,0.008,0.1,0.0002,2.5
0.2227,0.2227,222.771,0.0029,0.1,0.0002,2.5
0.218,0.218,222.989,-0.0047,0.1,0.0002,2.5
0.2045,0.2045,223.193,-0.0135,0.1,0.0002,2.5
0.1842,0.1842,223.377,-0.0203,0.1,0.0002,2.5
0.1588,0.1588,223.536,-0.0254,0.1,0.0002,2.5
0.1299,0.1299,223.666,-0.0289,0.1,0.0002,2.5
0.0992,0.0992,223.765,-0.0307,0.1,0.0002,2.5
0.0682,0.0682,223.833,-0.031,0.1,0.0002,2.5
0.038,0.038,223.871,-0.0302,0.1,0.0002,2.5
0.019,0.019,223.89,-0.019,0.1,0.0002,2.5
-0.0076,-0.0076,223.883,-0.0266,0.1,0.0002,2.5
-0.0323,-0.0323,223.85,-0.0247,0.1,0.0002,2.5
-0.0545,-0.0545,223.796,-0.0222,0.1,0.0002,2.5
-0.0735,-0.0735,223.722,-0.019,0.1,0.0002,2.5
-0.0844,-0.0844,223.638,-0.0109,0.1,0.0002,2.5
-0.0982,-0.0982,223.54,-0.0138,0.1,0.0002,2.5
-0.1097,-0.1097,223.43,-0.0115,0.1,0.0002,2.5
-0.1189,-0.1189,223.311,-0.0092,0.1,0.0002,2.5
-0.1454,-0.1454,223.166,-0.0265,0.1,0.0002,2.5
-0.0764,-0.0764,223.089,0.069,0.1,0.0002,2.5
-0.0126,-0.0126,223.077,0.0638,0.1,0.0002,2.5
0.0257,0.0257,223.103,0.0383,0.1,0.0002,2.5
0.0721,0.0721,223.175,0.0464,0.1,0.0002,2.5
0.107,0.107,223.282,0.0349,0.1,0.0002,2.5
0.1298,0.1298,223.411,0.0228,0.1,0.0002,2.5
0.1399,0.1399,223.551,0.0101,0.1,0.0002,2.5
0.1402,0.1402,223.692,0.0003,0.1,0.0002,2.5
0.1324,0.1324,223.824,-0.0078,0.1,0.0002,2.5
0.1164,0.1164,223.94,-0.016,0.1,0.0002,2.5
0.0937,0.0937,224.034,-0.0227,0.1,0.0002,2.5
0.076,0.076,224.11,-0.0177,0.1,0.0002,2.5
0.0472,0.0472,224.157,-0.0288,0.1,0.0002,2.5
0.0162,0.0162,224.173,-0.031,0.1,0.0002,2.5
-0.0152,-0.0152,224.158,-0.0314,0.1,0.0002,2.5
-0.0452,-0.0452,224.113,-0.03,0.1,0.0002,2.5
-0.0638,-0.0638,224.049,-0.0186,0.1,0.0002,2.5
-0.0892,-0.0892,223.96,-0.0254,0.1,0.0002,2.5
-0.112,-0.112,223.848,-0.0228,0.1,0.0002,2.5
-0.1255,-0.1255,223.723,-0.0135,0.1,0.0002,2.5
-0.1429,-0.1429,223.58,-0.0174,0.1,0.0002,2.5
-0.1573,-0.1573,223.422,-0.0144,0.1,0.0002,2.5
-0.1686,-0.1686,223.254,-0.0113,0.1,0.0002,2.5
-0.1745,-0.1745,223.079,-0.0059,0.1,0.0002,2.5
-0.181,-0.181,222.898,-0.0065,0.1,0.0002,2.5
-0.1855,-0.1855,222.713,-0.0045,0.1,0.0002,2.5
-0.1882,-0.1882,222.525,-0.0027,0.1,0.0002,2.5
-0.1895,-0.1895,222.335,-0.0013,0.1,0.0002,2.5
-0.1898,-0.1898,222.145,-0.0003,0.1,0.0002,2.5
-0.1897,-0.1897,221.956,0.0001,0.1,0.0002,2.5
-0.1893,-0.1893,221.766,0.0004,0.1,0.0002,2.5
-0.1888,-0.1888,221.577,0.0005,0.1,0.0002,2.5
-0.1886,-0.1886,221.389,0.0002,0.1,0.0002,2.5
-0.1886,-0.1886,221.2,0,0.1,0.0002,2.5
-0.1891,-0.1891,221.011,-0.0005,0.1,0.0002,2.5
-0.1901,-0.1901,220.821,-0.001,0.1,0.0002,2.5
-0.2105,-0.2105,220.611,-0.0204,0.1,0.0002,2.5
-0.4755,-0.4755,220.135,-0.265,0.1,0.0002,2.5
0.5611,0.5611,220.696,1.0366,0.1,0.0002,2.5
0.3332,0.3332,221.029,-0.2279,0.1,0.0002,2.5
0.2264,0.2264,221.256,-0.1068,0.1,0.0002,2.5
0.2582,0.2582,221.514,0.0318,0.1,0.0002,2.5
0.3986,0.3986,221.913,0.1404,0.1,0.0002,2.5
0.562,0.562,222.475,0.1634,0.1,0.0002,2.5
0.7114,0.7114,223.186,0.1494,0.1,0.0002,2.5
0.8307,0.8307,224.017,0.1193,0.1,0.0002,2.5
0.8899,0.8899,224.907,0.0592,0.1,0.0002,2.5
0.949,0.949,225.856,0.0591,0.1,0.0002,2.5
0.9777,0.9777,226.833,0.0287,0.1,0.0002,2.5
0.9811,0.9811,227.814,0.0034,0.1,0.0002,2.5
0.9647,0.9647,228.779,-0.0164,0.1,0.0002,2.5
0.9265,0.9265,229.706,-0.0382,0.1,0.0002,2.5
0.891,0.891,230.597,-0.0355,0.1,0.0002,2.5
0.8273,0.8273,231.424,-0.0637,0.1,0.0002,2.5
0.753,0.753,232.177,-0.0743,0.1,0.0002,2.5
0.6728,0.6728,232.85,-0.0802,0.1,0.0002,2.5
0.6186,0.6186,233.468,-0.0542,0.1,0.0002,2.5
0.5393,0.5393,234.008,-0.0793,0.1,0.0002,2.5
0.4615,0.4615,234.469,-0.0778,0.1,0.0002,2.5
0.4118,0.4118,234.881,-0.0497,0.1,0.0002,2.5
0.3432,0.3432,235.224,-0.0686,0.1,0.0002,2.5
0.2801,0.2801,235.504,-0.0631,0.1,0.0002,2.5
0.2241,0.2241,235.728,-0.056,0.1,0.0002,2.5
0.1767,0.1767,235.905,-0.0474,0.1,0.0002,2.5
0.1378,0.1378,236.043,-0.0389,0.1,0.0002,2.5
0.1071,0.1071,236.15,-0.0307,0.1,0.0002,2.5
0.0837,0.0837,236.234,-0.0234,0.1,0.0002,2.5
0.0665,0.0665,236.3,-0.0172,0.1,0.0002,2.5
0.0579,0.0579,236.358,-0.0086,0.1,0.0002,2.5
0.048,0.048,236.406,-0.0099,0.1,0.0002,2.5
0.0405,0.0405,236.446,-0.0075,0.1,0.0002,2.5
0.0344,0.0344,236.481,-0.0061,0.1,0.0002,2.5
0.0308,0.0308,236.512,-0.0036,0.1,0.0002,2.5
0.0257,0.0257,236.537,-0.0051,0.1,0.0002,2.5
0.0202,0.0202,236.558,-0.0055,0.1,0.0002,2.5
0.0138,0.0138,236.571,-0.0064,0.1,0.0002,2.5
0.0066,0.0066,236.578,-0.0072,0.1,0.0002,2.5
-0.0018,-0.0018,236.576,-0.0084,0.1,0.0002,2.5
-0.0112,-0.0112,236.565,-0.0094,0.1,0.0002,2.5
-0.0216,-0.0216,236.543,-0.0104,0.1,0.0002,2.5
-0.029,-0.029,236.514,-0.0074,0.1,0.0002,2.5
-0.0405,-0.0405,236.474,-0.0115,0.1,0.0002,2.5
-0.0528,-0.0528,236.421,-0.0123,0.1,0.0002,2.5
-0.0656,-0.0656,236.355,-0.0128,0.1,0.0002,2.5
-0.0785,-0.0785,236.277,-0.0129,0.1,0.0002,2.5
-0.0911,-0.0911,236.186,-0.0126,0.1,0.0002,2.5
-0.1032,-0.1032,236.083,-0.0121,0.1,0.0002,2.5
-0.1109,-0.1109,235.972,-0.0077,0.1,0.0002,2.5
-0.1219,-0.1219,235.85,-0.011,0.1,0.0002,2.5
-0.1324,-0.1324,235.717,-0.0105,0.1,0.0002,2.5
-0.1424,-0.1424,235.575,-0.01,0.1,0.0002,2.5
-0.1515,-0.1515,235.424,-0.0091,0.1,0.0002,2.5
-0.1597,-0.1597,235.264,-0.0082,0.1,0.0002,2.5
-0.167,-0.167,235.097,-0.0073,0.1,0.0002,2.5
-0.1735,-0.1735,234.923,-0.0065,0.1,0.0002,2.5
-0.1774,-0.1774,234.746,-0.0039,0.1,0.0002,2.5
-0.1827,-0.1827,234.563,-0.0053,0.1,0.0002,2.5
-0.1876,-0.1876,234.376,-0.0049,0.1,0.0002,2.5
-0.1921,-0.1921,234.184,-0.0045,0.1,0.0002,2.5
-0.1963,-0.1963,233.987,-0.0042,0.1,0.0002,2.5
-0.2002,-0.2002,233.787,-0.0039,0.1,0.0002,2.5
-0.2038,-0.2038,233.583,-0.0036,0.1,0.0002,2.5
-0.2061,-0.2061,233.377,-0.0023,0.1,0.0002,2.5
-0.2094,-0.2094,233.168,-0.0033,0.1,0.0002,2.5
-0.2127,-0.2127,232.955,-0.0033,0.1,0.0002,2.5
-0.2159,-0.2159,232.739,-0.0032,0.1,0.0002,2.5
-0.2191,-0.2191,232.52,-0.0032,0.1,0.0002,2.5
-0.2222,-0.2222,232.298,-0.0031,0.1,0.0002,2.5
-0.2252,-0.2252,232.073,-0.003,0.1,0.0002,2.5
-0.2281,-0.2281,231.845,-0.0029,0.1,0.0002,2.5
-0.23,-0.23,231.615,-0.0019,0.1,0.0002,2.5
-0.2327,-0.2327,231.382,-0.0027,0.1,0.0002,2.5
-0.2355,-0.2355,231.146,-0.0028,0.1,0.0002,2.5
-0.2381,-0.2381,230.908,-0.0026,0.1,0.0002,2.5
-0.2406,-0.2406,230.668,-0.0025,0.1,0.0002,2.5
-0.243,-0.243,230.425,-0.0024,0.1,0.0002,2.5
-0.2453,-0.2453,230.179,-0.0023,0.1,0.0002,2.5
-0.2473,-0.2473,229.932,-0.002,0.1,0.0002,2.5
-0.2486,-0.2486,229.683,-0.0013,0.1,0.0002,2.5
-0.2505,-0.2505,229.433,-0.0019,0.1,0.0002,2.5
-0.2522,-0.2522,229.181,-0.0017,0.1,0.0002,2.5
-0.2538,-0.2538,228.927,-0.0016,0.1,0.0002,2.5
-0.2553,-0.2553,228.672,-0.0015,0.1,0.0002,2.5
-0.2566,-0.2566,228.415,-0.0013,0.1,0.0002,2.5
-0.2579,-0.2579,228.157,-0.0013,0.1,0.0002,2.5
-0.259,-0.259,227.898,-0.0011,0.1,0.0002,2.5
-0.2597,-0.2597,227.638,-0.0007,0.1,0.0002,2.5
-0.2606,-0.2606,227.378,-0.0009,0.1,0.0002,2.5
-0.2615,-0.2615,227.116,-0.0009,0.1,0.0002,2.5
-0.2624,-0.2624,226.854,-0.0009,0.1,0.0002,2.5
-0.2632,-0.2632,226.591,-0.0008,0.1,0.0002,2.5
-0.2639,-0.2639,226.327,-0.0007,0.1,0.0002,2.5
-0.2646,-0.2646,226.062,-0.0007,0.1,0.0002,2.5
-0.2652,-0.2652,225.797,-0.0006,0.1,0.0002,2.5
-0.2656,-0.2656,225.531,-0.0004,0.1,0.0002,2.5
-0.2661,-0.2661,225.265,-0.0005,0.1,0.0002,2.5
-0.2666,-0.2666,224.999,-0.0005,0.1,0.0002,2.5
-0.2671,-0.2671,224.732,-0.0005,0.1,0.0002,2.5
-0.2675,-0.2675,224.464,-0.0004,0.1,0.0002,2.5
-0.2679,-0.2679,224.196,-0.0004,0.1,0.0002,2.5
-0.2682,-0.2682,223.928,-0.0003,0.1,0.0002,2.5
-0.2699,-0.2699,223.658,-0.0017,0.1,0.0002,2.5
-0.2939,-0.2939,223.364,-0.024,0.1,0.0002,2.5
-0.3827,-0.3827,222.982,-0.0888,0.1,0.0002,2.5
-0.4885,-0.4885,222.493,-0.1058,0.1,0.0002,2.5
-0.7113,-0.7113,221.782,-0.2228,0.1,0.0002,2.5
-0.3321,-0.3321,221.45,0.3792,0.1,0.0002,2.5
-0.1049,-0.1049,221.345,0.2272,0.1,0.0002,2.5
0.0077,0.0077,221.352,0.1126,0.1,0.0002,2.5
0.0785,0.0785,221.431,0.0708,0.1,0.0002,2.5
0.1706,0.1706,221.602,0.0921,0.1,0.0002,2.5
0.2472,0.2472,221.849,0.0766,0.1,0.0002,2.5
0.3053,0.3053,222.154,0.0581,0.1,0.0002,2.5
0.3326,0.3326,222.487,0.0273,0.1,0.0002,2.5
0.3578,0.3578,222.844,0.0252,0.1,0.0002,2.5
0.3665,0.3665,223.211,0.0087,0.1,0.0002,2.5
0.3599,0.3599,223.571,-0.0066,0.1,0.0002,2.5
0.3397,0.3397,223.911,-0.0202,0.1,0.0002,2.5
0.3087,0.3087,224.219,-0.031,0.1,0.0002,2.5
0.2699,0.2699,224.489,-0.0388,0.1,0.0002,2.5
0.2264,0.2264,224.716,-0.0435,0.1,0.0002,2.5
0.1961,0.1961,224.912,-0.0303,0.1,0.0002,2.5
0.1508,0.1508,225.062,-0.0453,0.1,0.0002,2.5
0.1057,0.1057,225.168,-0.0451,0.1,0.0002,2.5
0.0627,0.0627,225.231,-0.043,0.1,0.0002,2.5
0.0238,0.0238,225.255,-0.0389,0.1,0.0002,2.5
0.0006,0.0006,225.255,-0.0232,0.1,0.0002,2.5
-0.0298,-0.0298,225.225,-0.0304,0.1,0.0002,2.5
-0.056,-0.056,225.169,-0.0262,0.1,0.0002,2.5
-0.0723,-0.0723,225.097,-0.0163,0.1,0.0002,2.5
-0.0938,-0.0938,225.003,-0.0215,0.1,0.0002,2.5
-0.109,-0.109,224.894,-0.0152,0.1,0.0002,2.5
-0.1209,-0.1209,224.773,-0.0119,0.1,0.0002,2.5
-0.1294,-0.1294,224.644,-0.0085,0.1,0.0002,2.5
-0.1345,-0.1345,224.51,-0.0051,0.1,0.0002,2.5
-0.1372,-0.1372,224.372,-0.0027,0.1,0.0002,2.5
-0.138,-0.138,224.234,-0.0008,0.1,0.0002,2.5
-0.1385,-0.1385,224.096,-0.0005,0.1,0.0002,2.5
-0.1383,-0.1383,223.958,0.0002,0.1,0.0002,2.5
-0.1515,-0.1515,223.806,-0.0132,0.1,0.0002,2.5
-0.1243,-0.1243,223.682,0.0272,0.1,0.0002,2.5
-0.0368,-0.0368,223.645,0.0875,0.1,0.0002,2.5
0.0411,0.0411,223.686,0.0779,0.1,0.0002,2.5
0.1053,0.1053,223.791,0.0642,0.1,0.0002,2.5
0.1512,0.1512,223.943,0.0459,0.1,0.0002,2.5
0.179,0.179,224.122,0.0278,0.1,0.0002,2.5
0.1898,0.1898,224.311,0.0108,0.1,0.0002,2.5
0.1856,0.1856,224.497,-0.0042,0.1,0.0002,2.5
0.1688,0.1688,224.666,-0.0168,0.1,0.0002,2.5
0.1423,0.1423,224.808,-0.0265,0.1,0.0002,2.5
0.109,0.109,224.917,-0.0333,0.1,0.0002,2.5
0.0718,0.0718,224.989,-0.0372,0.1,0.0002,2.5
0.046,0.046,225.035,-0.0258,0.1,0.0002,2.5
-0.0045,-0.0045,225.03,-0.0505,0.1,0.0002,2.5
-0.0291,-0.0291,225.001,-0.0246,0.1,0.0002,2.5
-0.0622,-0.0622,224.939,-0.0331,0.1,0.0002,2.5
-0.0914,-0.0914,224.848,-0.0292,0.1,0.0002,2.5
-0.1167,-0.1167,224.731,-0.0253,0.1,0.0002,2.5
-0.137,-0.137,224.594,-0.0203,0.1,0.0002,2.5
-0.1224,-0.1224,224.472,0.0146,0.1,0.0002,2.5
-0.0552,-0.0552,224.416,0.0672,0.1,0.0002,2.5
0.0259,0.0259,224.442,0.0811,0.1,0.0002,2.5
0.0981,0.0981,224.54,0.0722,0.1,0.0002,2.5
0.1376,0.1376,224.678,0.0395,0.1,0.0002,2.5
0.1822,0.1822,224.86,0.0446,0.1,0.0002,2.5
0.2118,0.2118,225.072,0.0296,0.1,0.0002,2.5
0.2263,0.2263,225.298,0.0145,0.1,0.0002,2.5
0.2263,0.2263,225.525,0,0.1,0.0002,2.5
0.2134,0.2134,225.738,-0.0129,0.1,0.0002,2.5
0.1901,0.1901,225.928,-0.0233,0.1,0.0002,2.5
0.1591,0.1591,226.087,-0.031,0.1,0.0002,2.5
0.123,0.123,226.21,-0.0361,0.1,0.0002,2.5
0.0975,0.0975,226.308,-0.0255,0.1,0.0002,2.5
0.0589,0.0589,226.367,-0.0386,0.1,0.0002,2.5
0.0202,0.0202,226.387,-0.0387,0.1,0.0002,2.5
-0.0169,-0.0169,226.37,-0.0371,0.1,0.0002,2.5
-0.0505,-0.0505,226.319,-0.0336,0.1,0.0002,2.5
-0.0705,-0.0705,226.249,-0.02,0.1,0.0002,2.5
-0.0966,-0.0966,226.152,-0.0261,0.1,0.0002,2.5
-0.1497,-0.1497,226.003,-0.0531,0.1,0.0002,2.5
-0.0273,-0.0273,225.975,0.1224,0.1,0.0002,2.5
0.0776,0.0776,226.053,0.1049,0.1,0.0002,2.5
0.1722,0.1722,226.225,0.0946,0.1,0.0002,2.5
0.2445,0.2445,226.47,0.0723,0.1,0.0002,2.5
0.2935,0.2935,226.763,0.049,0.1,0.0002,2.5
0.3198,0.3198,227.083,0.0263,0.1,0.0002,2.5
0.3259,0.3259,227.409,0.0061,0.1,0.0002,2.5
0.3206,0.3206,227.729,-0.0053,0.1,0.0002,2.5
0.3121,0.3121,228.041,-0.0085,0.1,0.0002,2.5
0.4233,0.4233,228.465,0.1112,0.1,0.0002,2.5
0.5762,0.5762,229.041,0.1529,0.1,0.0002,2.5
0.6659,0.6659,229.707,0.0897,0.1,0.0002,2.5
0.7686,0.7686,230.475,0.1027,0.1,0.0002,2.5
0.8358,0.8358,231.311,0.0672,0.1,0.0002,2.5
0.8675,0.8675,232.179,0.0317,0.1,0.0002,2.5
0.8696,0.8696,233.048,0.0021,0.1,0.0002,2.5
0.8492,0.8492,233.898,-0.0204,0.1,0.0002,2.5
0.8052,0.8052,234.703,-0.044,0.1,0.0002,2.5
0.7431,0.7431,235.446,-0.0621,0.1,0.0002,2.5
0.6685,0.6685,236.114,-0.0746,0.1,0.0002,2.5
0.6149,0.6149,236.729,-0.0536,0.1,0.0002,2.5
0.5345,0.5345,237.264,-0.0804,0.1,0.0002,2.5
0.5579,0.5579,237.822,0.0234,0.1,0.0002,2.5
0.7011,0.7011,238.523,0.1432,0.1,0.0002,2.5
0.8379,0.8379,239.361,0.1368,0.1,0.0002,2.5
0.9484,0.9484,240.309,0.1105,0.1,0.0002,2.5
1.0214,1.0214,241.33,0.073,0.1,0.0002,2.5
1.0561,1.0561,242.387,0.0347,0.1,0.0002,2.5
1.0558,1.0558,243.442,-0.0003,0.1,0.0002,2.5
1.0252,1.0252,244.468,-0.0306,0.1,0.0002,2.5
1.092,1.092,245.56,0.0668,0.1,0.0002,2.5
1.3177,1.3177,246.877,0.2257,0.1,0.0002,2.5
1.4698,1.4698,248.347,0.1521,0.1,0.0002,2.5
1.658,1.658,250.005,0.1882,0.1,0.0002,2.5
1.7923,1.7923,251.797,0.1343,0.1,0.0002,2.5
1.8669,1.8669,253.664,0.0746,0.1,0.0002,2.5
1.8825,1.8825,255.547,0.0156,0.1,0.0002,2.5
1.8467,1.8467,257.393,-0.0358,0.1,0.0002,2.5
1.7692,1.7692,259.163,-0.0775,0.1,0.0002,2.5
1.6607,1.6607,260.823,-0.1085,0.1,0.0002,2.5
1.5765,1.5765,262.4,-0.0842,0.1,0.0002,2.5
1.4412,1.4412,263.841,-0.1353,0.1,0.0002,2.5
1.3231,1.3231,265.164,-0.1181,0.1,0.0002,2.5
1.3333,1.3333,266.497,0.0102,0.1,0.0002,2.5
1.4112,1.4112,267.909,0.0779,0.1,0.0002,2.5
1.4789,1.4789,269.388,0.0677,0.1,0.0002,2.5
1.5207,1.5207,270.908,0.0418,0.1,0.0002,2.5
1.5314,1.5314,272.44,0.0107,0.1,0.0002,2.5
1.5126,1.5126,273.952,-0.0188,0.1,0.0002,2.5
1.4721,1.4721,275.424,-0.0405,0.1,0.0002,2.5
1.411,1.411,276.835,-0.0611,0.1,0.0002,2.5
1.3601,1.3601,278.195,-0.0509,0.1,0.0002,2.5
1.2769,1.2769,279.472,-0.0832,0.1,0.0002,2.5
1.278,1.278,280.75,0.0011,0.1,0.0002,2.5
1.3552,1.3552,282.106,0.0772,0.1,0.0002,2.5
1.4227,1.4227,283.528,0.0675,0.1,0.0002,2.5
1.4634,1.4634,284.992,0.0407,0.1,0.0002,2.5
1.4718,1.4718,286.463,0.0084,0.1,0.0002,2.5
1.45,1.45,287.913,-0.0218,0.1,0.0002,2.5
1.4021,1.4021,289.316,-0.0479,0.1,0.0002,2.5
1.333,1.333,290.649,-0.0691,0.1,0.0002,2.5
1.248,1.248,291.897,-0.085,0.1,0.0002,2.5
1.1525,1.1525,293.049,-0.0955,0.1,0.0002,2.5
1.0515,1.0515,294.101,-0.101,0.1,0.0002,2.5
0.9833,0.9833,295.084,-0.0682,0.1,0.0002,2.5
0.8942,0.8942,295.978,-0.0891,0.1,0.0002,2.5
0.9076,0.9076,296.886,0.0134,0.1,0.0002,2.5
0.999,0.999,297.885,0.0914,0.1,0.0002,2.5
1.0843,1.0843,298.969,0.0853,0.1,0.0002,2.5
1.1469,1.1469,300.116,0.0626,0.1,0.0002,2.5
1.18,1.18,301.296,0.0331,0.1,0.0002,2.5
1.1786,1.1786,302.474,-0.0014,0.1,0.0002,2.5
1.1459,1.1459,303.62,-0.0327,0.1,0.0002,2.5
1.0909,1.0909,304.711,-0.055,0.1,0.0002,2.5
1.0192,1.0192,305.73,-0.0717,0.1,0.0002,2.5
0.9364,0.9364,306.667,-0.0828,0.1,0.0002,2.5
0.8473,0.8473,307.514,-0.0891,0.1,0.0002,2.5
0.7563,0.7563,308.27,-0.091,0.1,0.0002,2.5
0.6758,0.6758,308.946,-0.0805,0.1,0.0002,2.5
0.6214,0.6214,309.568,-0.0544,0.1,0.0002,2.5
0.5901,0.5901,310.158,-0.0313,0.1,0.0002,2.5
0.5453,0.5453,310.703,-0.0448,0.1,0.0002,2.5
0.5003,0.5003,311.203,-0.045,0.1,0.0002,2.5
0.4557,0.4557,311.659,-0.0446,0.1,0.0002,2.5
0.4126,0.4126,312.072,-0.0431,0.1,0.0002,2.5
0.3711,0.3711,312.443,-0.0415,0.1,0.0002,2.5
0.2943,0.2943,312.737,-0.0768,0.1,0.0002,2.5
0.2591,0.2591,312.996,-0.0352,0.1,0.0002,2.5
0.239,0.239,313.235,-0.0201,0.1,0.0002,2.5
0.2122,0.2122,313.447,-0.0268,0.1,0.0002,2.5
0.1871,0.1871,313.634,-0.0251,0.1,0.0002,2.5
0.2815,0.2815,313.916,0.0944,0.1,0.0002,2.5
0.297,0.297,314.213,0.0155,0.1,0.0002,2.5
0.369,0.369,314.582,0.072,0.1,0.0002,2.5
0.4293,0.4293,315.011,0.0603,0.1,0.0002,2.5
0.4602,0.4602,315.471,0.0309,0.1,0.0002,2.5
0.4894,0.4894,315.961,0.0292,0.1,0.0002,2.5
0.5001,0.5001,316.461,0.0107,0.1,0.0002,2.5
0.4932,0.4932,316.954,-0.0069,0.1,0.0002,2.5
0.4702,0.4702,317.424,-0.023,0.1,0.0002,2.5
0.4336,0.4336,317.858,-0.0366,0.1,0.0002,2.5
0.3868,0.3868,318.245,-0.0468,0.1,0.0002,2.5
0.3331,0.3331,318.578,-0.0537,0.1,0.0002,2.5
0.2756,0.2756,318.853,-0.0575,0.1,0.0002,2.5
0.2172,0.2172,319.071,-0.0584,0.1,0.0002,2.5
0.1603,0.1603,319.231,-0.0569,0.1,0.0002,2.5
0.1066,0.1066,319.338,-0.0537,0.1,0.0002,2.5
0.0574,0.0574,319.395,-0.0492,0.1,0.0002,2.5
0.0136,0.0136,319.409,-0.0438,0.1,0.0002,2.5
-0.0244,-0.0244,319.384,-0.038,0.1,0.0002,2.5
-0.0566,-0.0566,319.328,-0.0322,0.1,0.0002,2.5
-0.0832,-0.0832,319.244,-0.0266,0.1,0.0002,2.5
-0.1046,-0.1046,319.14,-0.0214,0.1,0.0002,2.5
-0.1215,-0.1215,319.018,-0.0169,0.1,0.0002,2.5
-0.1346,-0.1346,318.884,-0.0131,0.1,0.0002,2.5
-0.1448,-0.1448,318.739,-0.0102,0.1,0.0002,2.5
-0.1528,-0.1528,318.586,-0.008,0.1,0.0002,2.5
-0.1595,-0.1595,318.427,-0.0067,0.1,0.0002,2.5
-0.1635,-0.1635,318.263,-0.004,0.1,0.0002,2.5
-0.1692,-0.1692,318.094,-0.0057,0.1,0.0002,2.5
-0.1754,-0.1754,317.918,-0.0062,0.1,0.0002,2.5
-0.1821,-0.1821,317.736,-0.0067,0.1,0.0002,2.5
-0.1895,-0.1895,317.547,-0.0074,0.1,0.0002,2.5
-0.1976,-0.1976,317.349,-0.0081,0.1,0.0002,2.5
-0.2035,-0.2035,317.146,-0.0059,0.1,0.0002,2.5
-0.2128,-0.2128,316.933,-0.0093,0.1,0.0002,2.5
-0.2229,-0.2229,316.71,-0.0101,0.1,0.0002,2.5
-0.2337,-0.2337,316.476,-0.0108,0.1,0.0002,2.5
-0.2448,-0.2448,316.232,-0.0111,0.1,0.0002,2.5
-0.2566,-0.2566,315.975,-0.0118,0.1,0.0002,2.5
-0.2754,-0.2754,315.7,-0.0188,0.1,0.0002,2.5
-0.2692,-0.2692,315.43,0.0062,0.1,0.0002,2.5
-0.2712,-0.2712,315.159,-0.002,0.1,0.0002,2.5
-0.2737,-0.2737,314.885,-0.0025,0.1,0.0002,2.5
-0.276,-0.276,314.609,-0.0023,0.1,0.0002,2.5
-0.2803,-0.2803,314.329,-0.0043,0.1,0.0002,2.5
-0.2856,-0.2856,314.044,-0.0053,0.1,0.0002,2.5
-0.2917,-0.2917,313.752,-0.0061,0.1,0.0002,2.5
-0.2984,-0.2984,313.453,-0.0067,0.1,0.0002,2.5
-0.3032,-0.3032,313.15,-0.0048,0.1,0.0002,2.5
-0.3105,-0.3105,312.84,-0.0073,0.1,0.0002,2.5
-0.3182,-0.3182,312.522,-0.0077,0.1,0.0002,2.5
-0.326,-0.326,312.196,-0.0078,0.1,0.0002,2.5
-0.3337,-0.3337,311.862,-0.0077,0.1,0.0002,2.5
-0.3411,-0.3411,311.521,-0.0074,0.1,0.0002,2.5
-0.3457,-0.3457,311.175,-0.0046,0.1,0.0002,2.5
-0.3523,-0.3523,310.823,-0.0066,0.1,0.0002,2.5
-0.3585,-0.3585,310.464,-0.0062,0.1,0.0002,2.5
-0.3642,-0.3642,310.1,-0.0057,0.1,0.0002,2.5
-0.3693,-0.3693,309.731,-0.0051,0.1,0.0002,2.5
-0.3724,-0.3724,309.358,-0.0031,0.1,0.0002,2.5
-0.3766,-0.3766,308.982,-0.0042,0.1,0.0002,2.5
-0.3803,-0.3803,308.601,-0.0037,0.1,0.0002,2.5
-0.3837,-0.3837,308.218,-0.0034,0.1,0.0002,2.5
-0.3866,-0.3866,307.831,-0.0029,0.1,0.0002,2.5
-0.3883,-0.3883,307.443,-0.0017,0.1,0.0002,2.5
-0.3905,-0.3905,307.052,-0.0022,0.1,0.0002,2.5
-0.3926,-0.3926,306.66,-0.0021,0.1,0.0002,2.5
-0.3945,-0.3945,306.265,-0.0019,0.1,0.0002,2.5
-0.3963,-0.3963,305.869,-0.0018,0.1,0.0002,2.5
-0.41,-0.41,305.459,-0.0137,0.1,0.0002,2.5
-0.4542,-0.4542,305.005,-0.0442,0.1,0.0002,2.5
-0.5807,-0.5807,304.424,-0.1265,0.1,0.0002,2.5
-0.6661,-0.6661,303.758,-0.0854,0.1,0.0002,2.5
-0.7765,-0.7765,302.981,-0.1104,0.1,0.0002,2.5
-0.8646,-0.8646,302.117,-0.0881,0.1,0.0002,2.5
-0.9272,-0.9272,301.19,-0.0626,0.1,0.0002,2.5
-0.954,-0.954,300.236,-0.0268,0.1,0.0002,2.5
-0.9745,-0.9745,299.261,-0.0205,0.1,0.0002,2.5
-0.9752,-0.9752,298.286,-0.0007,0.1,0.0002,2.5
-0.9585,-0.9585,297.327,0.0167,0.1,0.0002,2.5
-0.928,-0.928,296.399,0.0305,0.1,0.0002,2.5
-0.9491,-0.9491,295.45,-0.0211,0.1,0.0002,2.5
-1.0779,-1.0779,294.372,-0.1288,0.1,0.0002,2.5
-1.2182,-1.2182,293.154,-0.1403,0.1,0.0002,2.5
-1.3322,-1.3322,291.822,-0.114,0.1,0.0002,2.5
-1.4087,-1.4087,290.413,-0.0765,0.1,0.0002,2.5
-1.4385,-1.4385,288.975,-0.0298,0.1,0.0002,2.5
-1.4575,-1.4575,287.517,-0.019,0.1,0.0002,2.5
-1.4589,-1.4589,286.058,-0.0014,0.1,0.0002,2.5
-1.4366,-1.4366,284.622,0.0223,0.1,0.0002,2.5
-1.4098,-1.4098,283.212,0.0268,0.1,0.0002,2.5
-1.3565,-1.3565,281.856,0.0533,0.1,0.0002,2.5
-1.2901,-1.2901,280.565,0.0664,0.1,0.0002,2.5
-1.2411,-1.2411,279.324,0.049,0.1,0.0002,2.5
-1.1654,-1.1654,278.159,0.0757,0.1,0.0002,2.5
-1.1137,-1.1137,277.045,0.0517,0.1,0.0002,2.5
-1.1607,-1.1607,275.885,-0.047,0.1,0.0002,2.5
-1.3773,-1.3773,274.507,-0.2166,0.1,0.0002,2.5
-1.5943,-1.5943,272.913,-0.217,0.1,0.0002,2.5
-1.7241,-1.7241,271.189,-0.1298,0.1,0.0002,2.5
-1.8842,-1.8842,269.305,-0.1601,0.1,0.0002,2.5
-2.0012,-2.0012,267.303,-0.117,0.1,0.0002,2.5
-2.053,-2.053,265.25,-0.0518,0.1,0.0002,2.5
-2.0951,-2.0951,263.155,-0.0421,0.1,0.0002,2.5
-2.1021,-2.1021,261.053,-0.007,0.1,0.0002,2.5
-2.1142,-2.1142,258.939,-0.0121,0.1,0.0002,2.5
-2.2154,-2.2154,256.724,-0.1012,0.1,0.0002,2.5
-2.4157,-2.4157,254.308,-0.2003,0.1,0.0002,2.5
-2.537,-2.537,251.771,-0.1213,0.1,0.0002,2.5
-2.671,-2.671,249.1,-0.134,0.1,0.0002,2.5
-2.7475,-2.7475,246.352,-0.0765,0.1,0.0002,2.5
-2.7659,-2.7659,243.587,-0.0184,0.1,0.0002,2.5
-2.748,-2.748,240.839,0.0179,0.1,0.0002,2.5
-2.6851,-2.6851,238.153,0.0629,0.1,0.0002,2.5
-2.5859,-2.5859,235.568,0.0992,0.1,0.0002,2.5
-2.4601,-2.4601,233.107,0.1258,0.1,0.0002,2.5
-2.402,-2.402,230.705,0.0581,0.1,0.0002,2.5
-2.392,-2.392,228.313,0.01,0.1,0.0002,2.5
-2.4925,-2.4925,225.821,-0.1005,0.1,0.0002,2.5
-2.5939,-2.5939,223.227,-0.1014,0.1,0.0002,2.5
-2.6613,-2.6613,220.566,-0.0674,0.1,0.0002,2.5
-2.6822,-2.6822,217.884,-0.0209,0.1,0.0002,2.5
-2.6791,-2.6791,215.204,0.0031,0.1,0.0002,2.5
-2.6403,-2.6403,212.564,0.0388,0.1,0.0002,2.5
-2.5703,-2.5703,209.994,0.07,0.1,0.0002,2.5
-2.4749,-2.4749,207.519,0.0954,0.1,0.0002,2.5
-2.3609,-2.3609,205.158,0.114,0.1,0.0002,2.5
-2.2783,-2.2783,202.88,0.0826,0.1,0.0002,2.5
-2.1502,-2.1502,200.73,0.1281,0.1,0.0002,2.5
-2.0294,-2.0294,198.7,0.1208,0.1,0.0002,2.5
-1.9783,-1.9783,196.722,0.0511,0.1,0.0002,2.5
-1.9687,-1.9687,194.753,0.0096,0.1,0.0002,2.5
-1.958,-1.958,192.795,0.0107,0.1,0.0002,2.5
-1.9377,-1.9377,190.857,0.0203,0.1,0.0002,2.5
-1.9051,-1.9051,188.952,0.0326,0.1,0.0002,2.5
-1.8607,-1.8607,187.092,0.0444,0.1,0.0002,2.5
-1.8254,-1.8254,185.266,0.0353,0.1,0.0002,2.5
-1.7656,-1.7656,183.501,0.0598,0.1,0.0002,2.5
-1.6974,-1.6974,181.803,0.0682,0.1,0.0002,2.5
-1.6233,-1.6233,180.18,0.0741,0.1,0.0002,2.5
-1.5786,-1.5786,178.601,0.0447,0.1,0.0002,2.5
-1.5715,-1.5715,177.03,0.0071,0.1,0.0002,2.5
-1.5947,-1.5947,175.435,-0.0232,0.1,0.0002,2.5
-1.6101,-1.6101,173.825,-0.0154,0.1,0.0002,2.5
-1.6111,-1.6111,172.214,-0.001,0.1,0.0002,2.5
-1.6027,-1.6027,170.611,0.0084,0.1,0.0002,2.5
-1.5779,-1.5779,169.033,0.0248,0.1,0.0002,2.5
-1.5393,-1.5393,167.494,0.0386,0.1,0.0002,2.5
-1.4889,-1.4889,166.005,0.0504,0.1,0.0002,2.5
-1.4293,-1.4293,164.576,0.0596,0.1,0.0002,2.5
-1.3633,-1.3633,163.213,0.066,0.1,0.0002,2.5
-1.3232,-1.3232,161.889,0.0401,0.1,0.0002,2.5
-1.2865,-1.2865,160.603,0.0367,0.1,0.0002,2.5
-1.2631,-1.2631,159.34,0.0234,0.1,0.0002,2.5
-1.2366,-1.2366,158.103,0.0265,0.1,0.0002,2.5
-1.2054,-1.2054,156.898,0.0312,0.1,0.0002,2.5
-1.1694,-1.1694,155.728,0.036,0.1,0.0002,2.5
-1.1293,-1.1293,154.599,0.0401,0.1,0.0002,2.5
-1.0863,-1.0863,153.513,0.043,0.1,0.0002,2.5
-1.0565,-1.0565,152.456,0.0298,0.1,0.0002,2.5
-1.0113,-1.0113,151.445,0.0452,0.1,0.0002,2.5
-0.9645,-0.9645,150.48,0.0468,0.1,0.0002,2.5
-0.9175,-0.9175,149.563,0.047,0.1,0.0002,2.5
-0.8716,-0.8716,148.691,0.0459,0.1,0.0002,2.5
-0.8278,-0.8278,147.864,0.0438,0.1,0.0002,2.5
-0.7866,-0.7866,147.077,0.0412,0.1,0.0002,2.5
-0.7608,-0.7608,146.316,0.0258,0.1,0.0002,2.5
-0.7247,-0.7247,145.591,0.0361,0.1,0.0002,2.5
-0.6904,-0.6904,144.901,0.0343,0.1,0.0002,2.5
-0.6583,-0.6583,144.243,0.0321,0.1,0.0002,2.5
-0.629,-0.629,143.614,0.0293,0.1,0.0002,2.5
-0.6025,-0.6025,143.011,0.0265,0.1,0.0002,2.5
-0.5873,-0.5873,142.424,0.0152,0.1,0.0002,2.5
-0.5696,-0.5696,141.854,0.0177,0.1,0.0002,2.5
-0.556,-0.556,141.298,0.0136,0.1,0.0002,2.5
-0.5432,-0.5432,140.755,0.0128,0.1,0.0002,2.5
-0.5349,-0.5349,140.22,0.0083,0.1,0.0002,2.5
-0.5224,-0.5224,139.698,0.0125,0.1,0.0002,2.5
-0.5092,-0.5092,139.189,0.0132,0.1,0.0002,2.5
-0.4952,-0.4952,138.693,0.014,0.1,0.0002,2.5
-0.4807,-0.4807,138.213,0.0145,0.1,0.0002,2.5
-0.4656,-0.4656,137.747,0.0151,0.1,0.0002,2.5
-0.4502,-0.4502,137.297,0.0154,0.1,0.0002,2.5
-0.4347,-0.4347,136.862,0.0155,0.1,0.0002,2.5
-0.4191,-0.4191,136.443,0.0156,0.1,0.0002,2.5
-0.4037,-0.4037,136.039,0.0154,0.1,0.0002,2.5
-0.3886,-0.3886,135.651,0.0151,0.1,0.0002,2.5
-0.3788,-0.3788,135.272,0.0098,0.1,0.0002,2.5
-0.3646,-0.3646,134.907,0.0142,0.1,0.0002,2.5
-0.3505,-0.3505,134.557,0.0141,0.1,0.0002,2.5
-0.3368,-0.3368,134.22,0.0137,0.1,0.0002,2.5
-0.3214,-0.3214,133.899,0.0154,0.1,0.0002,2.5
-0.3182,-0.3182,133.581,0.0032,0.1,0.0002,2.5
-0.2451,-0.2451,133.335,0.0731,0.1,0.0002,2.5
-0.1825,-0.1825,133.153,0.0626,0.1,0.0002,2.5
-0.1442,-0.1442,133.009,0.0383,0.1,0.0002,2.5
-0.0963,-0.0963,132.912,0.0479,0.1,0.0002,2.5
-0.058,-0.058,132.854,0.0383,0.1,0.0002,2.5
-0.03,-0.03,132.824,0.028,0.1,0.0002,2.5
-0.0125,-0.0125,132.812,0.0175,0.1,0.0002,2.5
-0.0063,-0.0063,132.806,0.0062,0.1,0.0002,2.5
-0.0037,-0.0037,132.802,0.0026,0.1,0.0002,2.5
-0.0077,-0.0077,132.794,-0.004,0.1,0.0002,2.5
-0.0168,-0.0168,132.777,-0.0091,0.1,0.0002,2.5
-0.0251,-0.0251,132.752,-0.0083,0.1,0.0002,2.5
-0.0393,-0.0393,132.713,-0.0142,0.1,0.0002,2.5
-0.0551,-0.0551,132.658,-0.0158,0.1,0.0002,2.5
-0.0713,-0.0713,132.587,-0.0162,0.1,0.0002,2.5
-0.0815,-0.0815,132.505,-0.0102,0.1,0.0002,2.5
-0.0956,-0.0956,132.41,-0.0141,0.1,0.0002,2.5
-0.108,-0.108,132.302,-0.0124,0.1,0.0002,2.5
-0.1183,-0.1183,132.183,-0.0103,0.1,0.0002,2.5
-0.1238,-0.1238,132.059,-0.0055,0.1,0.0002,2.5
-0.1297,-0.1297,131.93,-0.0059,0.1,0.0002,2.5
-0.1334,-0.1334,131.796,-0.0037,0.1,0.0002,2.5
-0.135,-0.135,131.661,-0.0016,0.1,0.0002,2.5
-0.1344,-0.1344,131.527,0.0006,0.1,0.0002,2.5
-0.1331,-0.1331,131.394,0.0013,0.1,0.0002,2.5
-0.13,-0.13,131.264,0.0031,0.1,0.0002,2.5
-0.1258,-0.1258,131.138,0.0042,0.1,0.0002,2.5
-0.1226,-0.1226,131.015,0.0032,0.1,0.0002,2.5
-0.1176,-0.1176,130.898,0.005,0.1,0.0002,2.5
-0.1123,-0.1123,130.786,0.0053,0.1,0.0002,2.5
-0.107,-0.107,130.679,0.0053,0.1,0.0002,2.5
0.1422,0.1422,130.821,0.2492,0.1,0.0002,2.5
0.0609,0.0609,130.882,-0.0813,0.1,0.0002,2.5
0.0742,0.0742,130.956,0.0133,0.1,0.0002,2.5
0.196,0.196,131.152,0.1218,0.1,0.0002,2.5
0.3178,0.3178,131.47,0.1218,0.1,0.0002,2.5
0.3894,0.3894,131.859,0.0716,0.1,0.0002,2.5
0.4733,0.4733,132.332,0.0839,0.1,0.0002,2.5
0.5327,0.5327,132.865,0.0594,0.1,0.0002,2.5
0.5672,0.5672,133.432,0.0345,0.1,0.0002,2.5
0.5765,0.5765,134.009,0.0093,0.1,0.0002,2.5
0.573,0.573,134.582,-0.0035,0.1,0.0002,2.5
0.5522,0.5522,135.134,-0.0208,0.1,0.0002,2.5
0.5173,0.5173,135.651,-0.0349,0.1,0.0002,2.5
0.4881,0.4881,136.139,-0.0292,0.1,0.0002,2.5
0.4393,0.4393,136.579,-0.0488,0.1,0.0002,2.5
0.4091,0.4091,136.988,-0.0302,0.1,0.0002,2.5
0.4729,0.4729,137.461,0.0638,0.1,0.0002,2.5
0.5546,0.5546,138.015,0.0817,0.1,0.0002,2.5
0.6665,0.6665,138.682,0.1119,0.1,0.0002,2.5
0.7568,0.7568,139.439,0.0903,0.1,0.0002,2.5
0.8014,0.8014,140.24,0.0446,0.1,0.0002,2.5
0.8435,0.8435,141.083,0.0421,0.1,0.0002,2.5
0.8601,0.8601,141.944,0.0166,0.1,0.0002,2.5
0.8533,0.8533,142.797,-0.0068,0.1,0.0002,2.5
0.8254,0.8254,143.622,-0.0279,0.1,0.0002,2.5
0.7972,0.7972,144.419,-0.0282,0.1,0.0002,2.5
0.7449,0.7449,145.164,-0.0523,0.1,0.0002,2.5
0.6826,0.6826,145.847,-0.0623,0.1,0.0002,2.5
0.6378,0.6378,146.485,-0.0448,0.1,0.0002,2.5
0.5697,0.5697,147.054,-0.0681,0.1,0.0002,2.5
0.5006,0.5006,147.555,-0.0691,0.1,0.0002,2.5
0.4557,0.4557,148.011,-0.0449,0.1,0.0002,2.5
0.3927,0.3927,148.403,-0.063,0.1,0.0002,2.5
0.3342,0.3342,148.738,-0.0585,0.1,0.0002,2.5
0.2985,0.2985,149.036,-0.0357,0.1,0.0002,2.5
0.2719,0.2719,149.308,-0.0266,0.1,0.0002,2.5
0.4388,0.4388,149.747,0.1669,0.1,0.0002,2.5
0.783,0.783,150.53,0.3442,0.1,0.0002,2.5
1.0408,1.0408,151.571,0.2578,0.1,0.0002,2.5
1.4034,1.4034,152.974,0.3626,0.1,0.0002,2.5
1.7258,1.7258,154.7,0.3224,0.1,0.0002,2.5
1.997,1.997,156.697,0.2712,0.1,0.0002,2.5
2.1443,2.1443,158.841,0.1473,0.1,0.0002,2.5
2.3069,2.3069,161.148,0.1626,0.1,0.0002,2.5
2.4053,2.4053,163.553,0.0984,0.1,0.0002,2.5
2.4402,2.4402,165.994,0.0349,0.1,0.0002,2.5
2.4156,2.4156,168.409,-0.0246,0.1,0.0002,2.5
2.3712,2.3712,170.78,-0.0444,0.1,0.0002,2.5
2.2743,2.2743,173.055,-0.0969,0.1,0.0002,2.5
2.1475,2.1475,175.202,-0.1268,0.1,0.0002,2.5
2.0006,2.0006,177.203,-0.1469,0.1,0.0002,2.5
1.8969,1.8969,179.1,-0.1037,0.1,0.0002,2.5
1.744,1.744,180.844,-0.1529,0.1,0.0002,2.5
1.5875,1.5875,182.431,-0.1565,0.1,0.0002,2.5
1.4341,1.4341,183.865,-0.1534,0.1,0.0002,2.5
1.3374,1.3374,185.203,-0.0967,0.1,0.0002,2.5
1.2031,1.2031,186.406,-0.1343,0.1,0.0002,2.5
1.0766,1.0766,187.482,-0.1265,0.1,0.0002,2.5
0.9621,0.9621,188.444,-0.1145,0.1,0.0002,2.5
0.8947,0.8947,189.339,-0.0674,0.1,0.0002,2.5
0.8188,0.8188,190.158,-0.0759,0.1,0.0002,2.5
0.9191,0.9191,191.077,0.1003,0.1,0.0002,2.5
1.1278,1.1278,192.205,0.2087,0.1,0.0002,2.5
1.355,1.355,193.56,0.2272,0.1,0.0002,2.5
1.7112,1.7112,195.271,0.3562,0.1,0.0002,2.5
2.0321,2.0321,197.303,0.3209,0.1,0.0002,2.5
2.2211,2.2211,199.524,0.189,0.1,0.0002,2.5
2.4623,2.4623,201.987,0.2412,0.1,0.0002,2.5
2.649,2.649,204.636,0.1867,0.1,0.0002,2.5
2.766,2.766,207.402,0.117,0.1,0.0002,2.5
2.8043,2.8043,210.206,0.0383,0.1,0.0002,2.5
2.8103,2.8103,213.016,0.006,0.1,0.0002,2.5
2.7648,2.7648,215.781,-0.0455,0.1,0.0002,2.5
2.6763,2.6763,218.457,-0.0885,0.1,0.0002,2.5
2.5539,2.5539,221.011,-0.1224,0.1,0.0002,2.5
2.4588,2.4588,223.47,-0.0951,0.1,0.0002,2.5
2.3047,2.3047,225.775,-0.1541,0.1,0.0002,2.5
2.1378,2.1378,227.912,-0.1669,0.1,0.0002,2.5
1.9667,1.9667,229.879,-0.1711,0.1,0.0002,2.5
1.7999,1.7999,231.679,-0.1668,0.1,0.0002,2.5
1.6419,1.6419,233.321,-0.158,0.1,0.0002,2.5
1.4958,1.4958,234.817,-0.1461,0.1,0.0002,2.5
1.3631,1.3631,236.18,-0.1327,0.1,0.0002,2.5
1.2826,1.2826,237.462,-0.0805,0.1,0.0002,2.5
1.1733,1.1733,238.636,-0.1093,0.1,0.0002,2.5
1.0732,1.0732,239.709,-0.1001,0.1,0.0002,2.5
0.9833,0.9833,240.692,-0.0899,0.1,0.0002,2.5
0.9356,0.9356,241.628,-0.0477,0.1,0.0002,2.5
1.0134,1.0134,242.641,0.0778,0.1,0.0002,2.5
1.0973,1.0973,243.739,0.0839,0.1,0.0002,2.5
1.2104,1.2104,244.949,0.1131,0.1,0.0002,2.5
1.2999,1.2999,246.249,0.0895,0.1,0.0002,2.5
1.3592,1.3592,247.608,0.0593,0.1,0.0002,2.5
1.3863,1.3863,248.994,0.0271,0.1,0.0002,2.5
1.3837,1.3837,250.378,-0.0026,0.1,0.0002,2.5
1.3548,1.3548,251.733,-0.0289,0.1,0.0002,2.5
1.3232,1.3232,253.056,-0.0316,0.1,0.0002,2.5
1.262,1.262,254.318,-0.0612,0.1,0.0002,2.5
1.1861,1.1861,255.504,-0.0759,0.1,0.0002,2.5
1.1002,1.1002,256.604,-0.0859,0.1,0.0002,2.5
1.0092,1.0092,257.614,-0.091,0.1,0.0002,2.5
0.9476,0.9476,258.561,-0.0616,0.1,0.0002,2.5
0.8577,0.8577,259.419,-0.0899,0.1,0.0002,2.5
0.8426,0.8426,260.261,-0.0151,0.1,0.0002,2.5
0.9143,0.9143,261.176,0.0717,0.1,0.0002,2.5
0.9805,0.9805,262.156,0.0662,0.1,0.0002,2.5
1.0641,1.0641,263.22,0.0836,0.1,0.0002,2.5
1.1245,1.1245,264.345,0.0604,0.1,0.0002,2.5
1.158,1.158,265.503,0.0335,0.1,0.0002,2.5
1.1643,1.1643,266.667,0.0063,0.1,0.0002,2.5
1.1464,1.1464,267.814,-0.0179,0.1,0.0002,2.5
1.1228,1.1228,268.936,-0.0236,0.1,0.0002,2.5
1.074,1.074,270.01,-0.0488,0.1,0.0002,2.5
1.0111,1.0111,271.021,-0.0629,0.1,0.0002,2.5
0.9382,0.9382,271.96,-0.0729,0.1,0.0002,2.5
0.8596,0.8596,272.819,-0.0786,0.1,0.0002,2.5
0.7788,0.7788,273.598,-0.0808,0.1,0.0002,2.5
0.6987,0.6987,274.297,-0.0801,0.1,0.0002,2.5
0.6215,0.6215,274.918,-0.0772,0.1,0.0002,2.5
0.5488,0.5488,275.467,-0.0727,0.1,0.0002,2.5
0.4818,0.4818,275.949,-0.067,0.1,0.0002,2.5
0.4212,0.4212,276.37,-0.0606,0.1,0.0002,2.5
0.3672,0.3672,276.737,-0.054,0.1,0.0002,2.5
0.3349,0.3349,277.072,-0.0323,0.1,0.0002,2.5
0.2915,0.2915,277.364,-0.0434,0.1,0.0002,2.5
0.2522,0.2522,277.616,-0.0393,0.1,0.0002,2.5
0.2276,0.2276,277.843,-0.0246,0.1,0.0002,2.5
0.2831,0.2831,278.127,0.0555,0.1,0.0002,2.5
0.4214,0.4214,278.548,0.1383,0.1,0.0002,2.5
0.5335,0.5335,279.081,0.1121,0.1,0.0002,2.5
0.6807,0.6807,279.762,0.1472,0.1,0.0002,2.5
0.7989,0.7989,280.561,0.1182,0.1,0.0002,2.5
0.8817,0.8817,281.443,0.0828,0.1,0.0002,2.5
0.9272,0.9272,282.37,0.0455,0.1,0.0002,2.5
0.9387,0.9387,283.309,0.0115,0.1,0.0002,2.5
0.9208,0.9208,284.229,-0.0179,0.1,0.0002,2.5
0.8952,0.8952,285.125,-0.0256,0.1,0.0002,2.5
0.842,0.842,285.967,-0.0532,0.1,0.0002,2.5
0.7483,0.7483,286.715,-0.0937,0.1,0.0002,2.5
0.6661,0.6661,287.381,-0.0822,0.1,0.0002,2.5
0.5829,0.5829,287.964,-0.0832,0.1,0.0002,2.5
0.5287,0.5287,288.493,-0.0542,0.1,0.0002,2.5
0.4504,0.4504,288.943,-0.0783,0.1,0.0002,2.5
0.3742,0.3742,289.317,-0.0762,0.1,0.0002,2.5
0.3026,0.3026,289.62,-0.0716,0.1,0.0002,2.5
0.2383,0.2383,289.858,-0.0643,0.1,0.0002,2.5
0.182,0.182,290.04,-0.0563,0.1,0.0002,2.5
0.1339,0.1339,290.174,-0.0481,0.1,0.0002,2.5
0.0938,0.0938,290.268,-0.0401,0.1,0.0002,2.5
0.0611,0.0611,290.329,-0.0327,0.1,0.0002,2.5
0.0351,0.0351,290.364,-0.026,0.1,0.0002,2.5
0.0148,0.0148,290.379,-0.0203,0.1,0.0002,2.5
0.0413,0.0413,290.42,0.0265,0.1,0.0002,2.5
0.1452,0.1452,290.565,0.1039,0.1,0.0002,2.5
0.3083,0.3083,290.874,0.1631,0.1,0.0002,2.5
0.459,0.459,291.333,0.1507,0.1,0.0002,2.5
0.5794,0.5794,291.912,0.1204,0.1,0.0002,2.5
0.663,0.663,292.575,0.0836,0.1,0.0002,2.5
0.7105,0.7105,293.286,0.0475,0.1,0.0002,2.5
0.7253,0.7253,294.011,0.0148,0.1,0.0002,2.5
0.7192,0.7192,294.73,-0.0061,0.1,0.0002,2.5
0.6914,0.6914,295.421,-0.0278,0.1,0.0002,2.5
0.6451,0.6451,296.067,-0.0463,0.1,0.0002,2.5
0.5848,0.5848,296.651,-0.0603,0.1,0.0002,2.5
0.4909,0.4909,297.142,-0.0939,0.1,0.0002,2.5
0.4151,0.4151,297.557,-0.0758,0.1,0.0002,2.5
0.3422,0.3422,297.9,-0.0729,0.1,0.0002,2.5
0.2742,0.2742,298.174,-0.068,0.1,0.0002,2.5
0.2116,0.2116,298.385,-0.0626,0.1,0.0002,2.5
0.1555,0.1555,298.541,-0.0561,0.1,0.0002,2.5
0.1063,0.1063,298.647,-0.0492,0.1,0.0002,2.5
0.0643,0.0643,298.711,-0.042,0.1,0.0002,2.5
0.019,0.019,298.73,-0.0453,0.1,0.0002,2.5
-0.0072,-0.0072,298.723,-0.0262,0.1,0.0002,2.5
-0.0262,-0.0262,298.697,-0.019,0.1,0.0002,2.5
-0.0943,-0.0943,298.603,-0.0681,0.1,0.0002,2.5
0.0714,0.0714,298.674,0.1657,0.1,0.0002,2.5
0.1885,0.1885,298.863,0.1171,0.1,0.0002,2.5
0.2941,0.2941,299.157,0.1056,0.1,0.0002,2.5
0.3738,0.3738,299.531,0.0797,0.1,0.0002,2.5
0.4271,0.4271,299.958,0.0533,0.1,0.0002,2.5
0.4552,0.4552,300.413,0.0281,0.1,0.0002,2.5
0.4607,0.4607,300.874,0.0055,0.1,0.0002,2.5
0.4463,0.4463,301.32,-0.0144,0.1,0.0002,2.5
0.4276,0.4276,301.747,-0.0187,0.1,0.0002,2.5
0.3895,0.3895,302.137,-0.0381,0.1,0.0002,2.5
0.3413,0.3413,302.478,-0.0482,0.1,0.0002,2.5
0.2864,0.2864,302.765,-0.0549,0.1,0.0002,2.5
0.2313,0.2313,302.996,-0.0551,0.1,0.0002,2.5
0.2322,0.2322,303.228,0.0009,0.1,0.0002,2.5
0.2752,0.2752,303.503,0.043,0.1,0.0002,2.5
0.3152,0.3152,303.819,0.04,0.1,0.0002,2.5
0.3439,0.3439,304.162,0.0287,0.1,0.0002,2.5
0.3582,0.3582,304.521,0.0143,0.1,0.0002,2.5
0.3587,0.3587,304.879,0.0005,0.1,0.0002,2.5
0.3468,0.3468,305.226,-0.0119,0.1,0.0002,2.5
0.3243,0.3243,305.55,-0.0225,0.1,0.0002,2.5
0.2931,0.2931,305.844,-0.0312,0.1,0.0002,2.5
0.2556,0.2556,306.099,-0.0375,0.1,0.0002,2.5
0.2138,0.2138,306.313,-0.0418,0.1,0.0002,2.5
0.1861,0.1861,306.499,-0.0277,0.1,0.0002,2.5
0.1959,0.1959,306.695,0.0098,0.1,0.0002,2.5
0.2073,0.2073,306.902,0.0114,0.1,0.0002,2.5
0.2144,0.2144,307.117,0.0071,0.1,0.0002,2.5
0.2108,0.2108,307.327,-0.0036,0.1,0.0002,2.5
0.1996,0.1996,307.527,-0.0112,0.1,0.0002,2.5
0.1817,0.1817,307.709,-0.0179,0.1,0.0002,2.5
0.1583,0.1583,307.867,-0.0234,0.1,0.0002,2.5
0.1307,0.1307,307.998,-0.0276,0.1,0.0002,2.5
0.1002,0.1002,308.098,-0.0305,0.1,0.0002,2.5
0.1011,0.1011,308.199,0.0009,0.1,0.0002,2.5
0.1339,0.1339,308.333,0.0328,0.1,0.0002,2.5
0.176,0.176,308.509,0.0421,0.1,0.0002,2.5
0.2093,0.2093,308.718,0.0333,0.1,0.0002,2.5
0.23,0.23,308.948,0.0207,0.1,0.0002,2.5
0.2373,0.2373,309.186,0.0073,0.1,0.0002,2.5
0.2322,0.2322,309.418,-0.0051,0.1,0.0002,2.5
0.2163,0.2163,309.634,-0.0159,0.1,0.0002,2.5
0.1914,0.1914,309.825,-0.0249,0.1,0.0002,2.5
0.1595,0.1595,309.985,-0.0319,0.1,0.0002,2.5
0.1229,0.1229,310.108,-0.0366,0.1,0.0002,2.5
0.0835,0.0835,310.191,-0.0394,0.1,0.0002,2.5
0.0433,0.0433,310.235,-0.0402,0.1,0.0002,2.5
0.0038,0.0038,310.238,-0.0395,0.1,0.0002,2.5
-0.0338,-0.0338,310.205,-0.0376,0.1,0.0002,2.5
-0.0686,-0.0686,310.136,-0.0348,0.1,0.0002,2.5
-0.0999,-0.0999,310.036,-0.0313,0.1,0.0002,2.5
-0.131,-0.131,309.905,-0.0311,0.1,0.0002,2.5
-0.0966,-0.0966,309.809,0.0344,0.1,0.0002,2.5
-0.0525,-0.0525,309.756,0.0441,0.1,0.0002,2.5
-0.0115,-0.0115,309.745,0.041,0.1,0.0002,2.5
0.0108,0.0108,309.755,0.0223,0.1,0.0002,2.5
0.0414,0.0414,309.797,0.0306,0.1,0.0002,2.5
0.0528,0.0528,309.85,0.0114,0.1,0.0002,2.5
0.0538,0.0538,309.903,0.001,0.1,0.0002,2.5
0.045,0.045,309.948,-0.0088,0.1,0.0002,2.5
0.0284,0.0284,309.977,-0.0166,0.1,0.0002,2.5
0.0055,0.0055,309.982,-0.0229,0.1,0.0002,2.5
0.0632,0.0632,310.045,0.0577,0.1,0.0002,2.5
0.0257,0.0257,310.071,-0.0375,0.1,0.0002,2.5
0.0517,0.0517,310.123,0.026,0.1,0.0002,2.5
0.0719,0.0719,310.195,0.0202,0.1,0.0002,2.5
0.0852,0.0852,310.28,0.0133,0.1,0.0002,2.5
0.0884,0.0884,310.368,0.0032,0.1,0.0002,2.5
0.0822,0.0822,310.45,-0.0062,0.1,0.0002,2.5
0.0675,0.0675,310.518,-0.0147,0.1,0.0002,2.5
0.0539,0.0539,310.572,-0.0136,0.1,0.0002,2.5
0.0294,0.0294,310.601,-0.0245,0.1,0.0002,2.5
-0.0101,-0.0101,310.591,-0.0395,0.1,0.0002,2.5
-0.0431,-0.0431,310.548,-0.033,0.1,0.0002,2.5
-0.0756,-0.0756,310.472,-0.0325,0.1,0.0002,2.5
-0.0963,-0.0963,310.376,-0.0207,0.1,0.0002,2.5
-0.1259,-0.1259,310.25,-0.0296,0.1,0.0002,2.5
-0.1541,-0.1541,310.096,-0.0282,0.1,0.0002,2.5
-0.1801,-0.1801,309.916,-0.026,0.1,0.0002,2.5
-0.2031,-0.2031,309.713,-0.023,0.1,0.0002,2.5
-0.2228,-0.2228,309.49,-0.0197,0.1,0.0002,2.5
-0.2463,-0.2463,309.244,-0.0235,0.1,0.0002,2.5
-0.1999,-0.1999,309.044,0.0464,0.1,0.0002,2.5
-0.1569,-0.1569,308.887,0.043,0.1,0.0002,2.5
-0.1184,-0.1184,308.769,0.0385,0.1,0.0002,2.5
-0.0891,-0.0891,308.68,0.0293,0.1,0.0002,2.5
-0.0696,-0.0696,308.61,0.0195,0.1,0.0002,2.5
-0.06,-0.06,308.55,0.0096,0.1,0.0002,2.5
-0.0594,-0.0594,308.491,0.0006,0.1,0.0002,2.5
-0.067,-0.067,308.424,-0.0076,0.1,0.0002,2.5
-0.0815,-0.0815,308.342,-0.0145,0.1,0.0002,2.5
-0.1012,-0.1012,308.241,-0.0197,0.1,0.0002,2.5
0.1555,0.1555,308.396,0.2567,0.1,0.0002,2.5
-0.1153,-0.1153,308.281,-0.2708,0.1,0.0002,2.5
-0.1104,-0.1104,308.171,0.0049,0.1,0.0002,2.5
-0.1241,-0.1241,308.047,-0.0137,0.1,0.0002,2.5
-0.1382,-0.1382,307.908,-0.0141,0.1,0.0002,2.5
-0.157,-0.157,307.751,-0.0188,0.1,0.0002,2.5
-0.1788,-0.1788,307.573,-0.0218,0.1,0.0002,2.5
-0.2024,-0.2024,307.37,-0.0236,0.1,0.0002,2.5
-0.2264,-0.2264,307.144,-0.024,0.1,0.0002,2.5
-0.2498,-0.2498,306.894,-0.0234,0.1,0.0002,2.5
-0.2715,-0.2715,306.622,-0.0217,0.1,0.0002,2.5
-0.2911,-0.2911,306.331,-0.0196,0.1,0.0002,2.5
-0.3081,-0.3081,306.023,-0.017,0.1,0.0002,2.5
-0.3223,-0.3223,305.701,-0.0142,0.1,0.0002,2.5
-0.3337,-0.3337,305.367,-0.0114,0.1,0.0002,2.5
-0.3424,-0.3424,305.025,-0.0087,0.1,0.0002,2.5
-0.3487,-0.3487,304.676,-0.0063,0.1,0.0002,2.5
-0.3518,-0.3518,304.324,-0.0031,0.1,0.0002,2.5
-0.3549,-0.3549,303.969,-0.0031,0.1,0.0002,2.5
-0.3569,-0.3569,303.613,-0.002,0.1,0.0002,2.5
-0.358,-0.358,303.255,-0.0011,0.1,0.0002,2.5
-0.3584,-0.3584,302.896,-0.0004,0.1,0.0002,2.5
-0.3585,-0.3585,302.538,-0.0001,0.1,0.0002,2.5
-0.3584,-0.3584,302.179,0.0001,0.1,0.0002,2.5
-0.3585,-0.3585,301.821,-0.0001,0.1,0.0002,2.5
-0.3634,-0.3634,301.457,-0.0049,0.1,0.0002,2.5
-0.3195,-0.3195,301.138,0.0439,0.1,0.0002,2.5
-0.2519,-0.2519,300.886,0.0676,0.1,0.0002,2.5
-0.2064,-0.2064,300.68,0.0455,0.1,0.0002,2.5
-0.1732,-0.1732,300.506,0.0332,0.1,0.0002,2.5
-0.1526,-0.1526,300.354,0.0206,0.1,0.0002,2.5
-0.143,-0.143,300.211,0.0096,0.1,0.0002,2.5
-0.1433,-0.1433,300.067,-0.0003,0.1,0.0002,2.5
-0.152,-0.152,299.915,-0.0087,0.1,0.0002,2.5
-0.1673,-0.1673,299.748,-0.0153,0.1,0.0002,2.5
-0.1874,-0.1874,299.561,-0.0201,0.1,0.0002,2.5
-0.2105,-0.2105,299.35,-0.0231,0.1,0.0002,2.5
-0.2349,-0.2349,299.115,-0.0244,0.1,0.0002,2.5
-0.2495,-0.2495,298.866,-0.0146,0.1,0.0002,2.5
-0.2306,-0.2306,298.635,0.0189,0.1,0.0002,2.5
-0.2109,-0.2109,298.424,0.0197,0.1,0.0002,2.5
-0.1939,-0.1939,298.23,0.017,0.1,0.0002,2.5
-0.1821,-0.1821,298.048,0.0118,0.1,0.0002,2.5
-0.1757,-0.1757,297.873,0.0064,0.1,0.0002,2.5
-0.1745,-0.1745,297.698,0.0012,0.1,0.0002,2.5
-0.178,-0.178,297.52,-0.0035,0.1,0.0002,2.5
-0.1856,-0.1856,297.335,-0.0076,0.1,0.0002,2.5
-0.1966,-0.1966,297.138,-0.011,0.1,0.0002,2.5
-0.2099,-0.2099,296.928,-0.0133,0.1,0.0002,2.5
-0.2249,-0.2249,296.703,-0.015,0.1,0.0002,2.5
-0.2406,-0.2406,296.463,-0.0157,0.1,0.0002,2.5
-0.2564,-0.2564,296.206,-0.0158,0.1,0.0002,2.5
-0.2716,-0.2716,295.935,-0.0152,0.1,0.0002,2.5
-0.2857,-0.2857,295.649,-0.0141,0.1,0.0002,2.5
-0.2983,-0.2983,295.351,-0.0126,0.1,0.0002,2.5
-0.3094,-0.3094,295.041,-0.0111,0.1,0.0002,2.5
-0.3187,-0.3187,294.723,-0.0093,0.1,0.0002,2.5
-0.3258,-0.3258,294.397,-0.0071,0.1,0.0002,2.5
-0.3195,-0.3195,294.077,0.0063,0.1,0.0002,2.5
-0.2951,-0.2951,293.782,0.0244,0.1,0.0002,2.5
-0.2764,-0.2764,293.506,0.0187,0.1,0.0002,2.5
-0.2513,-0.2513,293.254,0.0251,0.1,0.0002,2.5
-0.2305,-0.2305,293.024,0.0208,0.1,0.0002,2.5
-0.2152,-0.2152,292.809,0.0153,0.1,0.0002,2.5
-0.2059,-0.2059,292.603,0.0093,0.1,0.0002,2.5
-0.2025,-0.2025,292.4,0.0034,0.1,0.0002,2.5
-0.2111,-0.2111,292.189,-0.0086,0.1,0.0002,2.5
-0.222,-0.222,291.967,-0.0109,0.1,0.0002,2.5
-0.2358,-0.2358,291.731,-0.0138,0.1,0.0002,2.5
-0.2512,-0.2512,291.48,-0.0154,0.1,0.0002,2.5
-0.2673,-0.2673,291.213,-0.0161,0.1,0.0002,2.5
-0.2834,-0.2834,290.93,-0.0161,0.1,0.0002,2.5
-0.2986,-0.2986,290.631,-0.0152,0.1,0.0002,2.5
-0.3124,-0.3124,290.319,-0.0138,0.1,0.0002,2.5
-0.3245,-0.3245,289.994,-0.0121,0.1,0.0002,2.5
-0.3317,-0.3317,289.662,-0.0072,0.1,0.0002,2.5
-0.2799,-0.2799,289.382,0.0518,0.1,0.0002,2.5
-0.2333,-0.2333,289.149,0.0466,0.1,0.0002,2.5
-0.1694,-0.1694,288.98,0.0639,0.1,0.0002,2.5
-0.1153,-0.1153,288.864,0.0541,0.1,0.0002,2.5
-0.0744,-0.0744,288.79,0.0409,0.1,0.0002,2.5
-0.0482,-0.0482,288.742,0.0262,0.1,0.0002,2.5
-0.0361,-0.0361,288.706,0.0121,0.1,0.0002,2.5
-0.0352,-0.0352,288.671,0.0009,0.1,0.0002,2.5
-0.0427,-0.0427,288.628,-0.0075,0.1,0.0002,2.5
-0.0589,-0.0589,288.569,-0.0162,0.1,0.0002,2.5
-0.082,-0.082,288.487,-0.0231,0.1,0.0002,2.5
-0.1309,-0.1309,288.356,-0.0489,0.1,0.0002,2.5
-0.1857,-0.1857,288.17,-0.0548,0.1,0.0002,2.5
-0.2394,-0.2394,287.931,-0.0537,0.1,0.0002,2.5
-0.287,-0.287,287.644,-0.0476,0.1,0.0002,2.5
-0.3144,-0.3144,287.33,-0.0274,0.1,0.0002,2.5
-0.3487,-0.3487,286.981,-0.0343,0.1,0.0002,2.5
-0.3759,-0.3759,286.605,-0.0272,0.1,0.0002,2.5
-0.3957,-0.3957,286.209,-0.0198,0.1,0.0002,2.5
-0.408,-0.408,285.801,-0.0123,0.1,0.0002,2.5
-0.4134,-0.4134,285.388,-0.0054,0.1,0.0002,2.5
-0.413,-0.413,284.975,0.0004,0.1,0.0002,2.5
-0.408,-0.408,284.567,0.005,0.1,0.0002,2.5
-0.3996,-0.3996,284.167,0.0084,0.1,0.0002,2.5
-0.3891,-0.3891,283.778,0.0105,0.1,0.0002,2.5
-0.3778,-0.3778,283.4,0.0113,0.1,0.0002,2.5
-0.3652,-0.3652,283.035,0.0126,0.1,0.0002,2.5
-0.283,-0.283,282.752,0.0822,0.1,0.0002,2.5
